year,month,day,dotw,start_hour,start_minute,end_hour,end_minute,event,value,units,caregiver,age
2019,4,18,Thursday,11,53,NA,NA,birth,NA,,kch,0
2019,4,18,Thursday,NA,NA,NA,NA,trait_mass,4.39,kg,rainbow,0
2019,4,20,Saturday,NA,NA,NA,NA,trait_mass,4.14,kg,rainbow,2
2019,4,22,Monday,NA,NA,NA,NA,trait_mass,4.11,kg,rainbow,4
2019,4,22,Monday,NA,NA,NA,NA,trait_length,54.6,cm,rainbow,4
2019,4,22,Monday,NA,NA,NA,NA,trait_head_circum,33,cm,rainbow,4
2019,4,26,Friday,NA,NA,NA,NA,trait_mass,4.39,kg,rainbow,8
2019,4,26,Friday,NA,NA,NA,NA,trait_length,56.1,cm,rainbow,8
2019,4,30,Tuesday,NA,NA,NA,NA,trait_mass,4.74,kg,rainbow,12
2019,4,30,Tuesday,NA,NA,NA,NA,trait_length,56.5,cm,rainbow,12
2019,5,20,Monday,NA,NA,NA,NA,trait_mass,5.53,kg,rainbow,32
2019,5,20,Monday,NA,NA,NA,NA,trait_length,61.6,cm,rainbow,32
2019,5,20,Monday,NA,NA,NA,NA,trait_head_circum,38.7,cm,rainbow,32
2019,6,24,Monday,NA,NA,NA,NA,trait_mass,6.69,kg,rainbow,67
2019,6,24,Monday,NA,NA,NA,NA,trait_length,65.4,cm,rainbow,67
2019,6,24,Monday,NA,NA,NA,NA,trait_head_circum,40.6,cm,rainbow,67
2019,8,19,Monday,NA,NA,NA,NA,trait_mass,7.82,kg,rainbow,123
2019,8,19,Monday,NA,NA,NA,NA,trait_length,68.6,cm,rainbow,123
2019,8,19,Monday,NA,NA,NA,NA,trait_head_circum,42.5,cm,rainbow,123
2019,8,22,Thursday,10,30,NA,NA,wet,NA,,jr,126
2019,8,22,Thursday,12,20,NA,NA,dry,NA,,jr,126
2019,8,22,Thursday,13,30,NA,NA,bowel,NA,,jr,126
2019,8,22,Thursday,11,0,NA,NA,caregiver_change,NA,,vona_jr,126
2019,8,22,Thursday,10,45,NA,NA,bottle,2,oz,jr,126
2019,8,22,Thursday,13,40,NA,NA,bottle,2,oz,jr,126
2019,8,22,Thursday,12,30,13,30,nap,NA,,jr,126
2019,8,23,Friday,6,48,NA,NA,arrive,NA,,NA,127
2019,8,23,Friday,7,19,NA,NA,wet,NA,,vona,127
2019,8,23,Friday,9,40,NA,NA,wet,NA,,vona,127
2019,8,23,Friday,11,15,NA,NA,wet,NA,,vona,127
2019,8,23,Friday,13,0,NA,NA,wet,NA,,vona,127
2019,8,23,Friday,8,38,NA,NA,bottle,3.5,oz,vona,127
2019,8,23,Friday,10,30,NA,NA,bottle,2,oz,vona,127
2019,8,23,Friday,12,45,NA,NA,bottle,3,oz,vona,127
2019,8,23,Friday,8,55,9,36,nap,NA,,vona,127
2019,8,23,Friday,11,52,12,46,nap,NA,,vona,127
2019,8,26,Monday,7,10,NA,NA,wet,NA,,vona,130
2019,8,26,Monday,10,15,NA,NA,bowel,NA,,jr,130
2019,8,26,Monday,11,40,NA,NA,bowel,NA,,vona,130
2019,8,26,Monday,13,32,NA,NA,bowel,NA,,vona,130
2019,8,26,Monday,14,32,NA,NA,bowel,NA,,vona,130
2019,8,26,Monday,15,10,NA,NA,bowel,NA,,vona,130
2019,8,26,Monday,7,45,NA,NA,bottle,3,oz,vona,130
2019,8,26,Monday,10,48,NA,NA,bottle,2,oz,vona,130
2019,8,26,Monday,11,40,NA,NA,bottle,2,oz,vona,130
2019,8,26,Monday,14,13,NA,NA,bottle,5,oz,vona,130
2019,8,26,Monday,8,40,10,10,nap,NA,,vona,130
2019,8,26,Monday,12,45,13,20,nap,NA,,vona,130
2019,8,26,Monday,6,35,NA,NA,arrive,NA,,NA,130
2019,8,27,Tuesday,8,0,NA,NA,wet,NA,,jr,131
2019,8,27,Tuesday,10,0,NA,NA,bowel,NA,,jr,131
2019,8,27,Tuesday,10,35,NA,NA,bowel,NA,,jr,131
2019,8,27,Tuesday,12,40,NA,NA,wet,NA,,jr,131
2019,8,27,Tuesday,13,45,NA,NA,bowel,NA,,jr,131
2019,8,27,Tuesday,8,15,NA,NA,bottle,2,oz,jr,131
2019,8,27,Tuesday,9,0,NA,NA,bottle,3,oz,jr,131
2019,8,27,Tuesday,11,0,NA,NA,bottle,2,oz,jr,131
2019,8,27,Tuesday,13,5,NA,NA,bottle,1.5,oz,jr,131
2019,8,27,Tuesday,14,50,NA,NA,bottle,4,oz,jr,131
2019,8,27,Tuesday,11,10,12,40,nap,NA,,jr,131
2019,8,27,Tuesday,14,10,14,45,nap,NA,,jr,131
2019,8,30,Friday,6,45,NA,NA,arrive,NA,,NA,134
2019,8,30,Friday,7,10,NA,NA,wet,NA,,vona,134
2019,8,30,Friday,8,45,NA,NA,wet,NA,,vona,134
2019,8,30,Friday,9,9,NA,NA,bowel,NA,,vona,134
2019,8,30,Friday,11,35,NA,NA,wet,NA,,vona,134
2019,8,30,Friday,12,50,NA,NA,wet,NA,,vona,134
2019,8,30,Friday,14,16,NA,NA,bowel,NA,,vona,134
2019,8,30,Friday,15,20,NA,NA,wet,NA,,vona,134
2019,8,30,Friday,8,50,NA,NA,bottle,3,oz,vona,134
2019,8,30,Friday,12,55,NA,NA,bottle,3,oz,vona,134
2019,8,30,Friday,14,20,NA,NA,bottle,2,oz,vona,134
2019,8,30,Friday,15,0,NA,NA,bottle,2,oz,vona,134
2019,8,30,Friday,7,30,8,42,nap,NA,,vona,134
2019,8,30,Friday,10,21,11,34,nap,NA,,vona,134
2019,8,30,Friday,14,27,14,37,nap,NA,,vona,134
2019,9,2,Monday,NA,NA,NA,NA,intro_solidfood,NA,,jsmkch,137
2019,9,4,Wednesday,6,55,NA,NA,arrive,NA,,NA,139
2019,9,4,Wednesday,7,0,NA,NA,wet,NA,,vona,139
2019,9,4,Wednesday,7,52,NA,NA,bowel,NA,,vona,139
2019,9,4,Wednesday,9,45,NA,NA,wet,NA,,vona,139
2019,9,4,Wednesday,10,35,NA,NA,bowel,NA,,vona,139
2019,9,4,Wednesday,13,0,NA,NA,wet,NA,,vona,139
2019,9,4,Wednesday,13,35,NA,NA,bowel,NA,,vona,139
2019,9,4,Wednesday,14,55,NA,NA,bowel,NA,,vona,139
2019,9,4,Wednesday,9,33,NA,NA,bottle,3.5,oz,vona,139
2019,9,4,Wednesday,13,0,NA,NA,bottle,3,oz,vona,139
2019,9,4,Wednesday,8,4,9,19,nap,NA,,vona,139
2019,9,4,Wednesday,11,7,12,56,nap,NA,,vona,139
2019,9,5,Thursday,6,40,NA,NA,arrive,NA,,NA,140
2019,9,5,Thursday,7,10,NA,NA,bowel,NA,,vona,140
2019,9,5,Thursday,9,20,NA,NA,wet,NA,,vona,140
2019,9,5,Thursday,11,15,NA,NA,wet,NA,,vona,140
2019,9,5,Thursday,12,42,NA,NA,bowel,NA,,vona,140
2019,9,5,Thursday,14,48,NA,NA,bowel,NA,,vona,140
2019,9,5,Thursday,9,20,NA,NA,bottle,3,oz,vona,140
2019,9,5,Thursday,11,42,NA,NA,bottle,3,oz,vona,140
2019,9,5,Thursday,15,0,NA,NA,bottle,2,oz,vona,140
2019,9,5,Thursday,8,0,9,19,nap,NA,,vona,140
2019,9,5,Thursday,12,15,12,33,nap,NA,,vona,140
2019,9,5,Thursday,12,55,14,17,nap,NA,,vona,140
2019,9,6,Friday,6,40,NA,NA,arrive,NA,,NA,141
2019,9,6,Friday,7,5,NA,NA,wet,NA,,vona,141
2019,9,6,Friday,9,35,NA,NA,wet,NA,,vona,141
2019,9,6,Friday,9,59,NA,NA,bowel,NA,,vona,141
2019,9,6,Friday,11,25,NA,NA,bowel,NA,,ap,141
2019,9,6,Friday,12,57,NA,NA,bowel,NA,,vona,141
2019,9,6,Friday,15,0,NA,NA,wet,NA,,vona,141
2019,9,6,Friday,8,5,NA,NA,bottle,2,oz,vona,141
2019,9,6,Friday,12,30,NA,NA,bottle,3,oz,vona,141
2019,9,6,Friday,15,0,NA,NA,bottle,2.5,oz,vona,141
2019,9,6,Friday,8,48,9,32,nap,NA,,vona,141
2019,9,6,Friday,11,34,12,10,nap,NA,,vona,141
2019,9,6,Friday,14,10,14,40,nap,NA,,vona,141
2019,9,9,Monday,7,0,NA,NA,wet,NA,,vona,144
2019,9,9,Monday,8,21,NA,NA,bowel,NA,,vona,144
2019,9,9,Monday,10,25,NA,NA,wet,NA,,vona,144
2019,9,9,Monday,11,21,NA,NA,bowel,NA,,vona,144
2019,9,9,Monday,13,25,NA,NA,wet,NA,,vona,144
2019,9,9,Monday,15,15,NA,NA,wet,NA,,vona,144
2019,9,9,Monday,7,40,NA,NA,bottle,3,oz,vona,144
2019,9,9,Monday,10,48,NA,NA,bottle,3,oz,vona,144
2019,9,9,Monday,13,35,NA,NA,bottle,2,oz,vona,144
2019,9,9,Monday,8,46,9,43,nap,NA,,vona,144
2019,9,9,Monday,12,38,13,23,nap,NA,,vona,144
2019,9,9,Monday,6,43,NA,NA,arrive,NA,,NA,144
2019,9,10,Tuesday,6,45,NA,NA,dry,NA,,ap,145
2019,9,10,Tuesday,8,10,NA,NA,wet,NA,,ap,145
2019,9,10,Tuesday,9,45,NA,NA,wet,NA,,ap,145
2019,9,10,Tuesday,11,15,NA,NA,bowel,NA,,ap,145
2019,9,10,Tuesday,12,45,NA,NA,bowel,NA,,ap,145
2019,9,10,Tuesday,14,15,NA,NA,bowel,NA,,ap,145
2019,9,10,Tuesday,8,0,NA,NA,bottle,2,oz,ap,145
2019,9,10,Tuesday,10,30,NA,NA,bottle,3,oz,ap,145
2019,9,10,Tuesday,13,15,NA,NA,bottle,3.5,oz,ap,145
2019,9,10,Tuesday,9,0,9,40,nap,NA,,ap,145
2019,9,10,Tuesday,12,0,12,35,nap,NA,,ap,145
2019,9,11,Wednesday,7,0,NA,NA,arrive,NA,,NA,146
2019,9,11,Wednesday,7,10,NA,NA,wet,NA,,vona,146
2019,9,11,Wednesday,9,5,NA,NA,wet,NA,,vona,146
2019,9,11,Wednesday,9,37,NA,NA,bowel,NA,,vona,146
2019,9,11,Wednesday,11,0,NA,NA,bowel,NA,,vona,146
2019,9,11,Wednesday,13,0,NA,NA,wet,NA,,vona,146
2019,9,11,Wednesday,15,0,NA,NA,wet,NA,,vona,146
2019,9,11,Wednesday,8,45,NA,NA,bottle,3,oz,vona,146
2019,9,11,Wednesday,12,15,NA,NA,bottle,3,oz,vona,146
2019,9,11,Wednesday,12,40,NA,NA,bottle,2,oz,vona,146
2019,9,11,Wednesday,13,50,NA,NA,bottle,2,oz,vona,146
2019,9,11,Wednesday,9,49,10,36,nap,NA,,vona,146
2019,9,11,Wednesday,11,49,12,5,nap,NA,,vona,146
2019,9,11,Wednesday,14,16,14,45,nap,NA,,vona,146
2019,9,12,Thursday,6,40,NA,NA,arrive,NA,,NA,147
2019,9,12,Thursday,6,50,NA,NA,bowel,NA,,vona,147
2019,9,12,Thursday,8,45,NA,NA,wet,NA,,vona,147
2019,9,12,Thursday,10,45,NA,NA,wet,NA,,vona,147
2019,9,12,Thursday,13,12,NA,NA,wet,NA,,vona,147
2019,9,12,Thursday,13,38,NA,NA,bowel,NA,,vona,147
2019,9,12,Thursday,14,18,NA,NA,bowel,NA,,vona,147
2019,9,12,Thursday,15,15,NA,NA,wet,NA,,vona,147
2019,9,12,Thursday,8,50,NA,NA,bottle,3.5,oz,vona,147
2019,9,12,Thursday,12,0,NA,NA,bottle,1,oz,vona,147
2019,9,12,Thursday,13,15,NA,NA,bottle,2.5,oz,vona,147
2019,9,12,Thursday,9,8,9,46,nap,NA,,vona,147
2019,9,12,Thursday,12,7,13,5,nap,NA,,vona,147
2019,9,13,Friday,6,37,NA,NA,arrive,NA,,NA,148
2019,9,13,Friday,6,55,NA,NA,wet,NA,,vona,148
2019,9,13,Friday,9,20,NA,NA,wet,NA,,vona,148
2019,9,13,Friday,11,0,NA,NA,bowel,NA,,vona,148
2019,9,13,Friday,12,47,NA,NA,bowel,NA,,vona,148
2019,9,13,Friday,14,17,NA,NA,bowel,NA,,vona,148
2019,9,13,Friday,15,46,NA,NA,bowel,NA,,vona,148
2019,9,13,Friday,8,10,NA,NA,bottle,2,oz,vona,148
2019,9,13,Friday,11,0,NA,NA,bottle,2.5,oz,vona,148
2019,9,13,Friday,13,0,NA,NA,bottle,2,oz,vona,148
2019,9,13,Friday,13,10,NA,NA,bottle,2,oz,vona,148
2019,9,13,Friday,8,22,9,17,nap,NA,,vona,148
2019,9,13,Friday,11,45,12,15,nap,NA,,vona,148
2019,9,16,Monday,7,10,NA,NA,arrive,NA,,NA,151
2019,9,16,Monday,7,20,NA,NA,dry,NA,,vona,151
2019,9,16,Monday,7,55,NA,NA,wet,NA,,vona,151
2019,9,16,Monday,8,52,NA,NA,bowel,NA,,vona,151
2019,9,16,Monday,11,0,NA,NA,wet,NA,,vona,151
2019,9,16,Monday,12,58,NA,NA,wet,NA,,vona,151
2019,9,16,Monday,15,0,NA,NA,wet,NA,,vona,151
2019,9,16,Monday,9,35,NA,NA,bottle,2,oz,vona,151
2019,9,16,Monday,10,55,NA,NA,bottle,2,oz,vona,151
2019,9,16,Monday,13,0,NA,NA,bottle,2.5,oz,vona,151
2019,9,16,Monday,15,0,NA,NA,bottle,3,oz,vona,151
2019,9,16,Monday,12,15,12,53,nap,NA,,vona,151
2019,9,18,Wednesday,7,30,NA,NA,wet,NA,,ap,153
2019,9,18,Wednesday,9,24,NA,NA,bowel,NA,,ap,153
2019,9,18,Wednesday,11,10,NA,NA,wet,NA,,ap,153
2019,9,18,Wednesday,13,0,NA,NA,wet,NA,,ap,153
2019,9,18,Wednesday,13,10,NA,NA,bowel,NA,,ap,153
2019,9,18,Wednesday,15,0,NA,NA,dry,NA,,ap,153
2019,9,18,Wednesday,8,20,NA,NA,bottle,2,oz,ap,153
2019,9,18,Wednesday,10,30,NA,NA,bottle,1,oz,ap,153
2019,9,18,Wednesday,12,30,NA,NA,bottle,3,oz,ap,153
2019,9,18,Wednesday,14,30,NA,NA,bottle,1.5,oz,ap,153
2019,9,18,Wednesday,10,40,11,2,nap,NA,,ap,153
2019,9,18,Wednesday,14,35,14,45,nap,NA,,ap,153
2019,9,20,Friday,7,15,NA,NA,wet,NA,,vona,155
2019,9,20,Friday,9,0,NA,NA,wet,NA,,vona,155
2019,9,20,Friday,11,0,NA,NA,wet,NA,,vona,155
2019,9,20,Friday,13,0,NA,NA,wet,NA,,vona,155
2019,9,20,Friday,14,17,NA,NA,wet,NA,,vona,155
2019,9,20,Friday,14,47,NA,NA,bowel,NA,,vona,155
2019,9,20,Friday,8,30,NA,NA,bottle,2.5,oz,vona,155
2019,9,20,Friday,11,30,NA,NA,bottle,1,oz,vona,155
2019,9,20,Friday,13,0,NA,NA,bottle,2,oz,vona,155
2019,9,20,Friday,15,0,NA,NA,bottle,2,oz,vona,155
2019,9,20,Friday,9,40,10,23,nap,NA,,vona,155
2019,9,20,Friday,13,21,14,14,nap,NA,,vona,155
2019,9,20,Friday,6,45,NA,NA,arrive,NA,,NA,155
2019,9,22,Sunday,NA,NA,NA,NA,skill_crawl_army,NA,,jsmkch,157
2019,9,23,Monday,7,10,NA,NA,wet,NA,,vona,158
2019,9,23,Monday,8,4,NA,NA,bowel,NA,,vona,158
2019,9,23,Monday,10,5,NA,NA,wet,NA,,vona,158
2019,9,23,Monday,11,50,NA,NA,wet,NA,,vona,158
2019,9,23,Monday,13,27,NA,NA,wet,NA,,vona,158
2019,9,23,Monday,15,20,NA,NA,wet,NA,,vona,158
2019,9,23,Monday,9,15,NA,NA,bottle,2,oz,vona,158
2019,9,23,Monday,11,15,NA,NA,bottle,4.5,oz,vona,158
2019,9,23,Monday,13,15,NA,NA,bottle,2,oz,vona,158
2019,9,23,Monday,11,17,11,32,nap,NA,,vona,158
2019,9,23,Monday,6,45,NA,NA,arrive,NA,,NA,158
2019,9,24,Tuesday,7,20,NA,NA,dry,NA,,ap,159
2019,9,24,Tuesday,7,45,NA,NA,wet,NA,,ap,159
2019,9,24,Tuesday,8,35,NA,NA,bowel,NA,,ap,159
2019,9,24,Tuesday,10,15,NA,NA,bowel,NA,,ap,159
2019,9,24,Tuesday,11,55,NA,NA,wet,NA,,ap,159
2019,9,24,Tuesday,13,40,NA,NA,wet,NA,,ap,159
2019,9,24,Tuesday,8,25,NA,NA,bottle,2,oz,ap,159
2019,9,24,Tuesday,10,20,NA,NA,bottle,2,oz,ap,159
2019,9,24,Tuesday,12,25,NA,NA,bottle,2,oz,ap,159
2019,9,24,Tuesday,10,35,11,20,nap,NA,,ap,159
2019,9,24,Tuesday,14,21,15,3,nap,NA,,ap,159
2019,9,25,Wednesday,10,30,NA,NA,caregiver_change,NA,,vona_ap,160
2019,9,25,Wednesday,7,5,NA,NA,wet,NA,,vona,160
2019,9,25,Wednesday,9,30,NA,NA,wet,NA,,vona,160
2019,9,25,Wednesday,11,15,NA,NA,wet,NA,,ap,160
2019,9,25,Wednesday,8,20,NA,NA,bottle,2,oz,vona,160
2019,9,25,Wednesday,9,45,NA,NA,bottle,2.5,oz,vona,160
2019,9,25,Wednesday,8,40,9,30,nap,NA,,vona,160
2019,9,25,Wednesday,11,25,NA,NA,nap,NA,,ap,160
2019,9,25,Wednesday,NA,NA,NA,NA,trait_mass,8.48,kg,rainbow,160
2019,9,25,Wednesday,14,20,NA,NA,temperature,99.3,degreesF,rainbow,160
2019,9,25,Wednesday,15,30,NA,NA,temperature,98.2,degreesF,rainbow,160
2019,9,26,Thursday,18,NA,NA,NA,amoxicilin,5,ml,jsmkch,161
2019,9,27,Friday,7,0,NA,NA,wet,NA,,vona,162
2019,9,27,Friday,7,52,NA,NA,bowel,NA,,vona,162
2019,9,27,Friday,10,15,NA,NA,dry,NA,,ij,162
2019,9,27,Friday,11,17,NA,NA,bowel,NA,,ij,162
2019,9,27,Friday,13,50,NA,NA,bowel,NA,,kc,162
2019,9,27,Friday,13,45,NA,NA,caregiver_change,NA,,ij_kc,162
2019,9,27,Friday,8,20,NA,NA,bottle,2,oz,vona,162
2019,9,27,Friday,11,15,NA,NA,bottle,2,oz,ij,162
2019,9,27,Friday,10,20,NA,NA,nap,NA,,ij,162
2019,9,27,Friday,6,NA,NA,NA,amoxicilin,5,ml,jsmkch,162
2019,9,27,Friday,18,NA,NA,NA,amoxicilin,5,ml,jsmkch,162
2019,9,28,Saturday,6,NA,NA,NA,amoxicilin,5,ml,jsmkch,163
2019,9,29,Sunday,NA,NA,NA,NA,intro_grass,NA,,jsmkch,164
2019,9,29,Sunday,6,NA,NA,NA,amoxicilin,5,ml,jsmkch,164
2019,9,29,Sunday,18,NA,NA,NA,amoxicilin,5,ml,jsmkch,164
2019,9,30,Monday,7,5,NA,NA,wet,NA,,vona,165
2019,9,30,Monday,9,2,NA,NA,wet,NA,,vona,165
2019,9,30,Monday,10,35,NA,NA,bowel,NA,,vona,165
2019,9,30,Monday,12,38,NA,NA,wet,NA,,vona,165
2019,9,30,Monday,9,10,NA,NA,bottle,1.5,oz,vona,165
2019,9,30,Monday,11,30,NA,NA,bottle,2,oz,vona,165
2019,9,30,Monday,9,36,10,10,nap,NA,,vona,165
2019,9,30,Monday,13,11,NA,NA,nap,NA,,vona,165
2019,9,30,Monday,6,35,NA,NA,arrive,NA,,NA,165
2019,9,30,Monday,13,5,NA,NA,temperature,101.4,degreesF,vona,165
2019,9,30,Monday,NA,NA,NA,NA,trait_mass,8.56,kg,rainbow,165
2019,9,30,Monday,NA,NA,NA,NA,temperature,102.1,degreesF,rainbow,165
2019,9,30,Monday,6,NA,NA,NA,amoxicilin,5,ml,jsmkch,165
2019,9,30,Monday,18,NA,NA,NA,amoxicilin,5,ml,jsmkch,165
2019,10,1,Tuesday,7,55,NA,NA,wet,NA,,ij,166
2019,10,1,Tuesday,10,5,NA,NA,wet,NA,,ij,166
2019,10,1,Tuesday,12,37,NA,NA,bowel,NA,,ij,166
2019,10,1,Tuesday,14,40,NA,NA,diaper,NA,,kc,166
2019,10,1,Tuesday,14,3,NA,NA,bottle,2,oz,kc,166
2019,10,1,Tuesday,14,3,NA,NA,caregiver_change,NA,,ij_kc,166
2019,10,1,Tuesday,NA,NA,NA,NA,intro_solidfood_regularly,NA,,jsmkch,166
2019,10,1,Tuesday,6,NA,NA,NA,amoxicilin,5,ml,jsmkch,166
2019,10,1,Tuesday,18,NA,NA,NA,amoxicilin,5,ml,jsmkch,166
2019,10,2,Wednesday,12,50,NA,NA,tylenol,3.75,mL,ij,167
2019,10,2,Wednesday,14,20,NA,NA,caregiver_change,NA,,ij_kc,167
2019,10,2,Wednesday,7,17,NA,NA,wet,NA,,ij,167
2019,10,2,Wednesday,8,30,NA,NA,bowel,NA,,ij,167
2019,10,2,Wednesday,11,7,NA,NA,bowel,NA,,ij,167
2019,10,2,Wednesday,12,0,NA,NA,bowel,NA,,ij,167
2019,10,2,Wednesday,14,10,NA,NA,wet,NA,,ij,167
2019,10,2,Wednesday,15,10,NA,NA,wet,NA,,kc,167
2019,10,2,Wednesday,8,10,NA,NA,bottle,1,oz,ij,167
2019,10,2,Wednesday,10,15,NA,NA,bottle,2,oz,ij,167
2019,10,2,Wednesday,12,40,NA,NA,bottle,1,oz,ij,167
2019,10,2,Wednesday,14,44,NA,NA,bottle,2,oz,ij,167
2019,10,2,Wednesday,8,57,10,14,nap,NA,,ij,167
2019,10,2,Wednesday,13,23,14,0,nap,NA,,ij,167
2019,10,2,Wednesday,6,NA,NA,NA,amoxicilin,5,ml,jsmkch,167
2019,10,2,Wednesday,18,NA,NA,NA,amoxicilin,5,ml,jsmkch,167
2019,10,3,Thursday,6,45,NA,NA,dry,NA,,ap,168
2019,10,3,Thursday,8,10,NA,NA,wet,NA,,ap,168
2019,10,3,Thursday,10,30,NA,NA,wet,NA,,ap,168
2019,10,3,Thursday,11,20,NA,NA,bowel,NA,,ap,168
2019,10,3,Thursday,13,0,NA,NA,wet,NA,,ap,168
2019,10,3,Thursday,8,0,NA,NA,bottle,1,oz,ap,168
2019,10,3,Thursday,11,0,NA,NA,bottle,2,oz,ap,168
2019,10,3,Thursday,12,40,NA,NA,bottle,2.5,oz,ap,168
2019,10,3,Thursday,13,30,NA,NA,bottle,2,oz,ap,168
2019,10,3,Thursday,13,45,NA,NA,bowel,NA,,ap,168
2019,10,3,Thursday,14,20,NA,NA,bowel,NA,,ap,168
2019,10,3,Thursday,9,10,10,25,nap,NA,,ap,168
2019,10,3,Thursday,14,27,NA,NA,nap,NA,,ap,168
2019,10,3,Thursday,6,NA,NA,NA,amoxicilin,5,ml,jsmkch,168
2019,10,3,Thursday,18,NA,NA,NA,amoxicilin,5,ml,jsmkch,168
2019,10,4,Friday,7,15,NA,NA,wet,NA,,vona,169
2019,10,4,Friday,9,15,NA,NA,wet,NA,,vona,169
2019,10,4,Friday,10,22,NA,NA,bowel,NA,,vona,169
2019,10,4,Friday,12,34,NA,NA,wet,NA,,vona,169
2019,10,4,Friday,13,6,NA,NA,bowel,NA,,vona,169
2019,10,4,Friday,9,17,NA,NA,bottle,1,oz,vona,169
2019,10,4,Friday,10,48,NA,NA,bottle,2,oz,vona,169
2019,10,4,Friday,13,16,NA,NA,bottle,1.5,oz,vona,169
2019,10,4,Friday,7,52,9,10,nap,NA,,vona,169
2019,10,4,Friday,14,9,15,20,nap,NA,,vona,169
2019,10,4,Friday,6,43,NA,NA,arrive,NA,,NA,169
2019,10,4,Friday,6,NA,NA,NA,amoxicilin,5,ml,jsmkch,169
2019,10,4,Friday,18,NA,NA,NA,amoxicilin,5,ml,jsmkch,169
2019,10,4,Friday,NA,NA,NA,NA,trait_tooth_incisor_lower_right,NA,,jsmkch,169
2019,10,5,Saturday,6,NA,NA,NA,amoxicilin,5,ml,jsmkch,170
2019,10,5,Saturday,18,NA,NA,NA,amoxicilin,5,ml,jsmkch,170
2019,10,7,Monday,NA,NA,NA,NA,intro_highflow_nipples,NA,,jsmkch,172
2019,10,7,Monday,8,20,NA,NA,caregiver_change,NA,,kc_vona,172
2019,10,7,Monday,6,50,NA,NA,dry,NA,,kc,172
2019,10,7,Monday,8,20,NA,NA,wet,NA,,kc,172
2019,10,7,Monday,10,25,NA,NA,wet,NA,,vona,172
2019,10,7,Monday,12,35,NA,NA,wet,NA,,vona,172
2019,10,7,Monday,14,32,NA,NA,bowel,NA,,vona,172
2019,10,7,Monday,8,0,NA,NA,bottle,2,oz,kc,172
2019,10,7,Monday,11,0,NA,NA,bottle,3,oz,vona,172
2019,10,7,Monday,14,0,NA,NA,bottle,3,oz,vona,172
2019,10,7,Monday,9,10,9,43,nap,NA,,vona,172
2019,10,7,Monday,12,28,13,22,nap,NA,,vona,172
2019,10,8,Tuesday,7,45,NA,NA,wet,NA,,ap,173
2019,10,8,Tuesday,10,5,NA,NA,wet,NA,,ap,173
2019,10,8,Tuesday,11,50,NA,NA,wet,NA,,ap,173
2019,10,8,Tuesday,13,40,NA,NA,wet,NA,,ap,173
2019,10,8,Tuesday,7,40,NA,NA,bottle,1,oz,ap,173
2019,10,8,Tuesday,9,20,NA,NA,bottle,1,oz,ap,173
2019,10,8,Tuesday,11,55,NA,NA,bottle,1,oz,ap,173
2019,10,8,Tuesday,13,0,NA,NA,bottle,1,oz,ap,173
2019,10,8,Tuesday,9,23,10,0,nap,NA,,ap,173
2019,10,8,Tuesday,12,15,12,40,nap,NA,,ap,173
2019,10,8,Tuesday,14,45,15,10,nap,NA,,ap,173
2019,10,9,Wednesday,8,4,NA,NA,wet,NA,,ij,174
2019,10,9,Wednesday,10,58,NA,NA,wet,NA,,kc,174
2019,10,9,Wednesday,12,45,NA,NA,bowel,NA,,ij,174
2019,10,9,Wednesday,14,30,NA,NA,dry,NA,,ij,174
2019,10,9,Wednesday,15,0,NA,NA,bowel,NA,,ij,174
2019,10,9,Wednesday,8,30,NA,NA,bottle,1,oz,ij,174
2019,10,9,Wednesday,11,12,NA,NA,bottle,1,oz,ij,174
2019,10,9,Wednesday,13,0,NA,NA,bottle,2,oz,ij,174
2019,10,9,Wednesday,9,20,10,55,nap,NA,,ij,174
2019,10,9,Wednesday,13,15,NA,NA,nap,NA,,ij,174
2019,10,10,Thursday,7,55,NA,NA,wet,NA,,ap,175
2019,10,10,Thursday,9,45,NA,NA,wet,NA,,ap,175
2019,10,10,Thursday,12,10,NA,NA,wet,NA,,ap,175
2019,10,10,Thursday,8,25,NA,NA,bottle,2,oz,ap,175
2019,10,10,Thursday,11,20,NA,NA,bottle,1,oz,ap,175
2019,10,10,Thursday,13,10,NA,NA,bottle,3,oz,ap,175
2019,10,10,Thursday,9,18,9,40,nap,NA,,ap,175
2019,10,10,Thursday,13,20,NA,NA,nap,NA,,ap,175
2019,10,14,Monday,NA,NA,NA,NA,intro_sleeping_thru_night,NA,,jsmkch,179
2019,10,14,Monday,NA,NA,NA,NA,skill_situp_partial,NA,,jsmkch,179
2019,10,15,Tuesday,6,50,NA,NA,dry,NA,,ap,180
2019,10,15,Tuesday,7,50,NA,NA,wet,NA,,ap,180
2019,10,15,Tuesday,10,5,NA,NA,wet,NA,,ap,180
2019,10,15,Tuesday,12,20,NA,NA,bowel,NA,,ap,180
2019,10,15,Tuesday,14,10,NA,NA,wet,NA,,ap,180
2019,10,15,Tuesday,8,0,NA,NA,bottle,2,oz,ap,180
2019,10,15,Tuesday,10,35,NA,NA,bottle,2,oz,ap,180
2019,10,15,Tuesday,12,45,NA,NA,bottle,1.5,oz,ap,180
2019,10,15,Tuesday,14,15,NA,NA,bottle,1.5,oz,ap,180
2019,10,15,Tuesday,9,30,10,0,nap,NA,,ap,180
2019,10,15,Tuesday,11,35,12,15,nap,NA,,ap,180
2019,10,16,Wednesday,7,10,NA,NA,dry,NA,,ap,181
2019,10,16,Wednesday,8,5,NA,NA,wet,NA,,ap,181
2019,10,16,Wednesday,10,0,NA,NA,wet,NA,,ap,181
2019,10,16,Wednesday,11,35,NA,NA,bowel,NA,,ap,181
2019,10,16,Wednesday,13,15,NA,NA,wet,NA,,ap,181
2019,10,16,Wednesday,8,0,NA,NA,bottle,2,oz,ap,181
2019,10,16,Wednesday,10,40,NA,NA,bottle,3.5,oz,ap,181
2019,10,16,Wednesday,13,20,NA,NA,bottle,3,oz,ap,181
2019,10,16,Wednesday,9,5,9,45,nap,NA,,ap,181
2019,10,16,Wednesday,13,30,14,10,nap,NA,,ap,181
2019,10,17,Thursday,7,50,NA,NA,wet,NA,,ap,182
2019,10,17,Thursday,8,30,NA,NA,caregiver_change,NA,,ap_vona,182
2019,10,17,Thursday,9,55,NA,NA,wet,NA,,vona,182
2019,10,17,Thursday,11,53,NA,NA,wet,NA,,vona,182
2019,10,17,Thursday,13,41,NA,NA,bowel,NA,,vona,182
2019,10,17,Thursday,15,15,NA,NA,wet,NA,,vona,182
2019,10,17,Thursday,9,21,9,52,nap,NA,,vona,182
2019,10,17,Thursday,14,12,14,45,nap,NA,,vona,182
2019,10,17,Thursday,9,8,NA,NA,bottle,3,oz,vona,182
2019,10,17,Thursday,11,5,NA,NA,bottle,2,oz,vona,182
2019,10,17,Thursday,12,10,NA,NA,bottle,2,oz,vona,182
2019,10,17,Thursday,14,0,NA,NA,bottle,2,oz,vona,182
2019,10,18,Friday,7,50,NA,NA,wet,NA,,ap,183
2019,10,18,Friday,10,0,NA,NA,wet,NA,,ap,183
2019,10,18,Friday,12,20,NA,NA,wet,NA,,ap,183
2019,10,18,Friday,14,25,NA,NA,wet,NA,,ap,183
2019,10,18,Friday,8,20,NA,NA,bottle,1.5,oz,ap,183
2019,10,18,Friday,10,40,NA,NA,bottle,2.5,oz,ap,183
2019,10,18,Friday,12,30,NA,NA,bottle,2,oz,ap,183
2019,10,18,Friday,14,53,NA,NA,bottle,2,oz,ap,183
2019,10,18,Friday,9,10,9,58,nap,NA,,ap,183
2019,10,18,Friday,13,1,13,30,nap,NA,,ap,183
2019,10,21,Monday,7,26,NA,NA,wet,NA,,kc,186
2019,10,21,Monday,9,15,NA,NA,wet,NA,,vona,186
2019,10,21,Monday,11,10,NA,NA,wet,NA,,vona,186
2019,10,21,Monday,13,33,NA,NA,wet,NA,,vona,186
2019,10,21,Monday,13,42,NA,NA,bowel,NA,,vona,186
2019,10,21,Monday,8,NA,NA,NA,caregiver_change,NA,,kc_vona,186
2019,10,21,Monday,8,1,NA,NA,bottle,2,oz,vona,186
2019,10,21,Monday,9,0,NA,NA,bottle,2.5,oz,vona,186
2019,10,21,Monday,11,45,NA,NA,bottle,2,oz,vona,186
2019,10,21,Monday,14,15,NA,NA,bottle,2.5,oz,vona,186
2019,10,21,Monday,9,27,10,0,nap,NA,,vona,186
2019,10,21,Monday,13,0,13,30,nap,NA,,vona,186
2019,10,21,Monday,NA,NA,NA,NA,skill_pullup,NA,,vona_kch,186
2019,10,22,Tuesday,7,0,NA,NA,dry,NA,,ap,187
2019,10,22,Tuesday,8,5,NA,NA,wet,NA,,ap,187
2019,10,22,Tuesday,10,35,NA,NA,wet,NA,,ap,187
2019,10,22,Tuesday,12,0,NA,NA,bowel,NA,,jd,187
2019,10,22,Tuesday,13,30,NA,NA,wet,NA,,ap,187
2019,10,22,Tuesday,14,45,NA,NA,wet,NA,,ap,187
2019,10,22,Tuesday,8,0,NA,NA,bottle,2,oz,ap,187
2019,10,22,Tuesday,10,40,NA,NA,bottle,3,oz,ap,187
2019,10,22,Tuesday,13,0,NA,NA,bottle,2,oz,ap,187
2019,10,22,Tuesday,9,17,10,30,nap,NA,,ap,187
2019,10,22,Tuesday,13,10,13,25,nap,NA,,ap,187
2019,10,22,Tuesday,19,0,NA,NA,intro_sleeping_nursery,NA,,jsmkch,187
2019,10,23,Wednesday,NA,NA,NA,NA,trait_tooth_incisor_lower_left,NA,,jsmkch,188
2019,10,23,Wednesday,7,35,NA,NA,dry,NA,,kc,188
2019,10,23,Wednesday,9,0,NA,NA,wet,NA,,ap,188
2019,10,23,Wednesday,10,45,NA,NA,wet,NA,,ap,188
2019,10,23,Wednesday,13,0,NA,NA,wet,NA,,ap,188
2019,10,23,Wednesday,14,50,NA,NA,wet,NA,,ap,188
2019,10,23,Wednesday,8,0,NA,NA,bottle,2,oz,ap,188
2019,10,23,Wednesday,8,45,NA,NA,bottle,1,oz,ap,188
2019,10,23,Wednesday,10,15,NA,NA,bottle,2,oz,ap,188
2019,10,23,Wednesday,11,10,NA,NA,bottle,3,oz,ap,188
2019,10,23,Wednesday,13,45,NA,NA,bottle,2.5,oz,ap,188
2019,10,23,Wednesday,9,0,9,45,nap,NA,,ap,188
2019,10,23,Wednesday,11,32,12,55,nap,NA,,ap,188
2019,10,24,Thursday,7,30,NA,NA,dry,NA,,ap,189
2019,10,24,Thursday,8,15,NA,NA,bowel,NA,,ap,189
2019,10,24,Thursday,10,15,NA,NA,wet,NA,,ap,189
2019,10,24,Thursday,12,40,NA,NA,wet,NA,,ap,189
2019,10,24,Thursday,14,40,NA,NA,wet,NA,,ap,189
2019,10,24,Thursday,8,5,NA,NA,bottle,1.5,oz,ap,189
2019,10,24,Thursday,10,15,NA,NA,bottle,3,oz,ap,189
2019,10,24,Thursday,13,10,NA,NA,bottle,2,oz,ap,189
2019,10,24,Thursday,13,45,NA,NA,bottle,3,oz,ap,189
2019,10,24,Thursday,14,30,NA,NA,bottle,2.5,oz,ap,189
2019,10,24,Thursday,15,50,NA,NA,bottle,2.5,oz,ap,189
2019,10,24,Thursday,8,45,9,15,nap,NA,,ap,189
2019,10,24,Thursday,11,10,12,40,nap,NA,,ap,189
2019,10,25,Friday,7,15,NA,NA,dry,NA,,kc,190
2019,10,25,Friday,8,15,NA,NA,wet,NA,,ap,190
2019,10,25,Friday,10,10,NA,NA,wet,NA,,vona,190
2019,10,25,Friday,12,17,NA,NA,wet,NA,,vona,190
2019,10,25,Friday,14,15,NA,NA,wet,NA,,vona,190
2019,10,25,Friday,16,30,NA,NA,wet,NA,,vona,190
2019,10,25,Friday,8,0,NA,NA,bottle,1.5,oz,ap,190
2019,10,25,Friday,9,15,NA,NA,bottle,3,oz,vona,190
2019,10,25,Friday,11,0,NA,NA,bottle,3,oz,vona,190
2019,10,25,Friday,12,45,NA,NA,bottle,3,oz,vona,190
2019,10,25,Friday,14,15,NA,NA,bottle,2,oz,vona,190
2019,10,25,Friday,15,0,NA,NA,bottle,2,oz,vona,190
2019,10,25,Friday,11,40,12,14,nap,NA,,vona,190
2019,10,25,Friday,15,10,NA,NA,nap,NA,,vona,190
2019,10,25,Friday,8,30,NA,NA,caregiver_change,NA,,ap_vona,190
2019,10,28,Monday,7,5,NA,NA,dry,NA,,ap,193
2019,10,28,Monday,7,50,NA,NA,wet,NA,,ap,193
2019,10,28,Monday,9,25,NA,NA,wet,NA,,vona,193
2019,10,28,Monday,11,45,NA,NA,wet,NA,,vona,193
2019,10,28,Monday,13,48,NA,NA,wet,NA,,vona,193
2019,10,28,Monday,15,5,NA,NA,wet,NA,,vona,193
2019,10,28,Monday,8,45,NA,NA,bottle,2,oz,vona,193
2019,10,28,Monday,9,25,NA,NA,bottle,2,oz,vona,193
2019,10,28,Monday,10,45,NA,NA,bottle,2,oz,vona,193
2019,10,28,Monday,11,45,NA,NA,bottle,2,oz,vona,193
2019,10,28,Monday,13,25,NA,NA,bottle,2,oz,vona,193
2019,10,28,Monday,15,0,NA,NA,bottle,2,oz,vona,193
2019,10,28,Monday,10,53,11,45,nap,NA,,vona,193
2019,10,28,Monday,12,19,12,30,nap,NA,,vona,193
2019,10,29,Tuesday,7,45,NA,NA,wet,NA,,ap,194
2019,10,29,Tuesday,9,45,NA,NA,wet,NA,,ap,194
2019,10,29,Tuesday,11,30,NA,NA,wet,NA,,jd,194
2019,10,29,Tuesday,14,10,NA,NA,wet,NA,,ap,194
2019,10,29,Tuesday,15,15,NA,NA,wet,NA,,ap,194
2019,10,29,Tuesday,8,0,NA,NA,bottle,2,oz,ap,194
2019,10,29,Tuesday,8,50,NA,NA,bottle,2,oz,ap,194
2019,10,29,Tuesday,10,20,NA,NA,bottle,3,oz,ap,194
2019,10,29,Tuesday,12,5,NA,NA,bottle,3,oz,ap,194
2019,10,29,Tuesday,13,20,NA,NA,bottle,3,oz,ap,194
2019,10,29,Tuesday,14,55,NA,NA,bottle,2.5,oz,ap,194
2019,10,29,Tuesday,10,29,11,30,nap,NA,,ap,194
2019,10,29,Tuesday,13,29,14,5,nap,NA,,ap,194
2019,10,29,Tuesday,10,15,NA,NA,solids,3,pepper,ap,194
2019,10,29,Tuesday,14,30,NA,NA,solids,1,pepper_cheese,ap,194
2019,10,30,Wednesday,7,5,NA,NA,dry,NA,,ap,195
2019,10,30,Wednesday,7,50,NA,NA,wet,NA,,ap,195
2019,10,30,Wednesday,10,0,NA,NA,wet,NA,,ap,195
2019,10,30,Wednesday,12,20,NA,NA,wet,NA,,ap,195
2019,10,30,Wednesday,13,50,NA,NA,wet,NA,,ap,195
2019,10,30,Wednesday,15,13,NA,NA,wet,NA,,kc,195
2019,10,30,Wednesday,8,20,NA,NA,bottle,1.5,oz,ap,195
2019,10,30,Wednesday,8,45,NA,NA,bottle,2.5,oz,ap,195
2019,10,30,Wednesday,10,30,NA,NA,bottle,3,oz,ap,195
2019,10,30,Wednesday,11,45,NA,NA,bottle,2,oz,ap,195
2019,10,30,Wednesday,12,45,NA,NA,bottle,3,oz,ap,195
2019,10,30,Wednesday,13,45,NA,NA,bottle,1.5,oz,ap,195
2019,10,30,Wednesday,14,15,NA,NA,bottle,3,oz,ap,195
2019,10,30,Wednesday,10,15,NA,NA,solids,3,pepper_cheese,ap,195
2019,10,30,Wednesday,13,0,NA,NA,solids,0,pepper_sweetpotato,ap,195
2019,10,30,Wednesday,9,7,9,45,nap,NA,,ap,195
2019,10,30,Wednesday,11,40,12,0,nap,NA,,ap,195
2019,10,31,Thursday,7,10,NA,NA,wet,NA,,ap,196
2019,10,31,Thursday,9,0,NA,NA,wet,NA,,ap,196
2019,10,31,Thursday,11,0,NA,NA,wet,NA,,ap,196
2019,10,31,Thursday,13,10,NA,NA,wet,NA,,ap,196
2019,10,31,Thursday,14,50,NA,NA,wet,NA,,ap,196
2019,10,31,Thursday,9,20,NA,NA,bottle,2.5,oz,ap,196
2019,10,31,Thursday,10,0,NA,NA,bottle,2.5,oz,ap,196
2019,10,31,Thursday,11,55,NA,NA,bottle,3,oz,ap,196
2019,10,31,Thursday,13,45,NA,NA,bottle,2.5,oz,ap,196
2019,10,31,Thursday,10,40,NA,NA,solids,3,squash_cheese,ap,196
2019,10,31,Thursday,14,10,NA,NA,solids,2,pepper_cheese,ap,196
2019,10,31,Thursday,12,5,13,5,nap,NA,,ap,196
2019,11,1,Friday,8,10,NA,NA,wet,NA,,ap,197
2019,11,1,Friday,10,15,NA,NA,wet,NA,,vona,197
2019,11,1,Friday,12,1,NA,NA,wet,NA,,vona,197
2019,11,1,Friday,14,0,NA,NA,wet,NA,,vona,197
2019,11,1,Friday,15,10,NA,NA,bowel,NA,,vona,197
2019,11,1,Friday,8,15,NA,NA,bottle,2.5,oz,ap,197
2019,11,1,Friday,9,30,NA,NA,bottle,2.5,oz,vona,197
2019,11,1,Friday,12,5,NA,NA,bottle,3,oz,vona,197
2019,11,1,Friday,13,30,NA,NA,bottle,3,oz,vona,197
2019,11,1,Friday,9,47,10,2,nap,NA,,vona,197
2019,11,1,Friday,12,17,13,18,nap,NA,,vona,197
2019,11,1,Friday,11,0,NA,NA,solids,4,egg_pepper,vona,197
2019,11,1,Friday,14,25,NA,NA,solids,1,egg_pepper,vona,197
2019,11,1,Friday,8,30,NA,NA,caregiver_change,NA,,ap_vona,197
2019,11,4,Monday,7,16,NA,NA,dry,NA,,kc,200
2019,11,4,Monday,8,0,NA,NA,wet,NA,,kc,200
2019,11,4,Monday,8,30,NA,NA,caregiver_change,NA,,kc_ij,200
2019,11,4,Monday,9,10,NA,NA,wet,NA,,ij,200
2019,11,4,Monday,10,43,NA,NA,diaper,NA,,ij,200
2019,11,4,Monday,12,20,NA,NA,bowel,NA,,ij,200
2019,11,4,Monday,14,31,NA,NA,dry,NA,,ij,200
2019,11,4,Monday,8,30,NA,NA,bottle,3,oz,ij,200
2019,11,4,Monday,10,50,NA,NA,bottle,3,oz,ij,200
2019,11,4,Monday,13,20,NA,NA,bottle,3,oz,ij,200
2019,11,4,Monday,14,45,NA,NA,bottle,3,oz,ij,200
2019,11,4,Monday,9,20,10,40,nap,NA,,ij,200
2019,11,5,Tuesday,8,0,NA,NA,wet,NA,,ap,201
2019,11,5,Tuesday,11,15,NA,NA,wet,NA,,ap,201
2019,11,5,Tuesday,12,40,NA,NA,bowel,NA,,jd,201
2019,11,5,Tuesday,13,45,NA,NA,wet,NA,,kc,201
2019,11,5,Tuesday,15,5,NA,NA,wet,NA,,kc,201
2019,11,5,Tuesday,9,53,11,7,nap,NA,,ap,201
2019,11,5,Tuesday,13,57,NA,NA,caregiver_change,NA,,ap_kc,201
2019,11,5,Tuesday,11,20,NA,NA,solids,3,pepper_bread,ap,201
2019,11,5,Tuesday,14,0,NA,NA,solids,3,noodles_bread,ap,201
2019,11,5,Tuesday,8,20,NA,NA,bottle,3,oz,ap,201
2019,11,5,Tuesday,9,48,NA,NA,bottle,2.5,oz,ap,201
2019,11,5,Tuesday,11,45,NA,NA,bottle,3,oz,ap,201
2019,11,5,Tuesday,13,30,NA,NA,bottle,3,oz,ap,201
2019,11,6,Wednesday,8,0,NA,NA,wet,NA,,ap,202
2019,11,6,Wednesday,9,55,NA,NA,wet,NA,,ap,202
2019,11,6,Wednesday,11,25,NA,NA,bowel,NA,,ap,202
2019,11,6,Wednesday,13,20,NA,NA,wet,NA,,ap,202
2019,11,6,Wednesday,8,20,NA,NA,bottle,3,oz,ap,202
2019,11,6,Wednesday,10,0,NA,NA,bottle,3.5,oz,ap,202
2019,11,6,Wednesday,11,30,NA,NA,bottle,3,oz,ap,202
2019,11,6,Wednesday,13,45,NA,NA,bottle,3,oz,ap,202
2019,11,6,Wednesday,8,33,9,3,nap,NA,,ap,202
2019,11,6,Wednesday,10,20,NA,NA,solids,3,cauliflower,ap,202
2019,11,6,Wednesday,10,20,NA,NA,solids,2,noodles,ap,202
2019,11,6,Wednesday,14,15,NA,NA,solids,2,cauliflower_pepper,ap,202
2019,11,7,Thursday,7,35,NA,NA,wet,NA,,ap,203
2019,11,7,Thursday,9,26,NA,NA,wet,NA,,ap,203
2019,11,7,Thursday,11,0,NA,NA,bowel,NA,,ap,203
2019,11,7,Thursday,12,45,NA,NA,bowel,NA,,melody,203
2019,11,7,Thursday,15,5,NA,NA,wet,NA,,ap,203
2019,11,7,Thursday,7,55,NA,NA,bottle,2.5,oz,ap,203
2019,11,7,Thursday,9,32,NA,NA,bottle,3,oz,ap,203
2019,11,7,Thursday,11,0,NA,NA,bottle,3,oz,ap,203
2019,11,7,Thursday,11,40,NA,NA,bottle,3,oz,ap,203
2019,11,7,Thursday,13,15,NA,NA,bottle,3,oz,ap,203
2019,11,7,Thursday,9,35,10,11,nap,NA,,ap,203
2019,11,7,Thursday,13,55,15,0,nap,NA,,ap,203
2019,11,7,Thursday,10,25,NA,NA,solids,1,pepper_cauliflower,ap,203
2019,11,7,Thursday,13,20,NA,NA,solids,2,noodles,ap,203
2019,11,7,Thursday,12,20,NA,NA,caregiver_change,NA,,ap_melody,203
2019,11,7,Thursday,12,50,NA,NA,caregiver_change,NA,,melody_ap,203
2019,11,8,Friday,8,5,NA,NA,wet,NA,,ap,204
2019,11,8,Friday,9,48,NA,NA,wet,NA,,vona,204
2019,11,8,Friday,11,45,NA,NA,wet,NA,,vona,204
2019,11,8,Friday,12,17,NA,NA,bowel,NA,,vona,204
2019,11,8,Friday,13,45,NA,NA,wet,NA,,vona,204
2019,11,8,Friday,8,30,NA,NA,caregiver_change,NA,,ap_vona,204
2019,11,8,Friday,11,13,11,32,nap,NA,,vona,204
2019,11,8,Friday,8,50,NA,NA,bottle,4,oz,vona,204
2019,11,8,Friday,11,0,NA,NA,bottle,3,oz,vona,204
2019,11,8,Friday,11,45,NA,NA,bottle,3,oz,vona,204
2019,11,8,Friday,3,12,NA,NA,trait_mass,8.48,kg,rainbow,204
2019,11,8,Friday,3,12,NA,NA,trait_length,71.8,cm,rainbow,204
2019,11,9,Saturday,NA,NA,NA,NA,skill_pullup_regularly,NA,,jsmkch,205
2019,11,10,Sunday,NA,NA,NA,NA,skill_crawl_full,NA,,jsmkch,206
2019,11,12,Tuesday,7,55,NA,NA,dry,NA,,ap,208
2019,11,12,Tuesday,8,30,NA,NA,wet,NA,,ap,208
2019,11,12,Tuesday,10,30,NA,NA,wet,NA,,ap,208
2019,11,12,Tuesday,13,15,NA,NA,wet,NA,,ap,208
2019,11,12,Tuesday,13,55,NA,NA,bowel,NA,,ap,208
2019,11,12,Tuesday,11,5,NA,NA,bottle,3.5,oz,ap,208
2019,11,12,Tuesday,14,30,NA,NA,bottle,4,oz,ap,208
2019,11,12,Tuesday,11,30,13,1,nap,NA,,ap,208
2019,11,12,Tuesday,10,45,NA,NA,solids,NA,noodles_zucchini,ap,208
2019,11,12,Tuesday,15,0,NA,NA,wet,NA,,ap,208
2019,11,12,Tuesday,6,0,NA,NA,amoxicilin,7,mL,jsmkch,208
2019,11,12,Tuesday,18,0,NA,NA,amoxicilin,7,mL,jsmkch,208
2019,11,13,Wednesday,9,0,NA,NA,bowel,NA,,ap,209
2019,11,13,Wednesday,10,45,NA,NA,wet,NA,,ap,209
2019,11,13,Wednesday,12,50,NA,NA,wet,NA,,ap,209
2019,11,13,Wednesday,15,0,NA,NA,wet,NA,,ap,209
2019,11,13,Wednesday,11,30,NA,NA,bottle,3.5,,ap,209
2019,11,13,Wednesday,13,0,NA,NA,bottle,3,,ap,209
2019,11,13,Wednesday,11,45,12,20,nap,NA,,ap,209
2019,11,13,Wednesday,11,0,NA,NA,solids,3,noodles_squash,ap,209
2019,11,13,Wednesday,14,15,NA,NA,solids,2,squash,ap,209
2019,11,13,Wednesday,6,0,NA,NA,amoxicilin,7,mL,jsmkch,209
2019,11,13,Wednesday,18,0,NA,NA,amoxicilin,7,mL,jsmkch,209
2019,11,14,Thursday,7,35,NA,NA,wet,NA,,ap,210
2019,11,14,Thursday,8,25,NA,NA,bowel,NA,,ap,210
2019,11,14,Thursday,11,30,NA,NA,wet,NA,,jd,210
2019,11,14,Thursday,13,20,NA,NA,bowel,NA,,ap,210
2019,11,14,Thursday,15,3,NA,NA,wet,NA,,kc,210
2019,11,14,Thursday,8,20,NA,NA,bottle,1.5,oz,ap,210
2019,11,14,Thursday,11,30,NA,NA,bottle,4,oz,jd,210
2019,11,14,Thursday,14,5,NA,NA,bottle,5,oz,ap,210
2019,11,14,Thursday,12,30,NA,NA,solids,2,noodles_zucchini,ap,210
2019,11,14,Thursday,14,30,NA,NA,solids,5,zucchini,ap,210
2019,11,14,Thursday,9,17,11,25,nap,NA,,jd,210
2019,11,14,Thursday,6,0,NA,NA,amoxicilin,7,mL,jsmkch,210
2019,11,14,Thursday,18,0,NA,NA,amoxicilin,7,mL,jsmkch,210
2019,11,15,Friday,6,0,NA,NA,amoxicilin,7,mL,jsmkch,211
2019,11,15,Friday,18,0,NA,NA,amoxicilin,7,mL,jsmkch,211
2019,11,15,Friday,7,0,NA,NA,wet,NA,,kc,211
2019,11,15,Friday,9,0,NA,NA,wet,NA,,vona,211
2019,11,15,Friday,11,21,NA,NA,wet,NA,,vona,211
2019,11,15,Friday,13,16,NA,NA,wet,NA,,vona,211
2019,11,15,Friday,15,15,NA,NA,wet,NA,,vona,211
2019,11,15,Friday,8,18,NA,NA,bottle,0,oz,vona,211
2019,11,15,Friday,9,15,NA,NA,bottle,3,oz,vona,211
2019,11,15,Friday,11,15,NA,NA,bottle,4,oz,vona,211
2019,11,15,Friday,13,30,NA,NA,bottle,3,oz,vona,211
2019,11,15,Friday,14,15,NA,NA,bottle,4,oz,vona,211
2019,11,15,Friday,11,30,12,12,nap,NA,,vona,211
2019,11,15,Friday,11,0,NA,NA,solids,2,zucchini,vona,211
2019,11,15,Friday,14,0,NA,NA,solids,0,zucchini,vona,211
2019,11,15,Friday,8,15,NA,NA,caregiver_change,NA,,kc_vona,211
2019,11,18,Monday,6,0,NA,NA,amoxicilin,7,ml,jsmkch,214
2019,11,18,Monday,8,38,NA,NA,wet,NA,,vona,214
2019,11,18,Monday,10,36,NA,NA,wet,NA,,vona,214
2019,11,18,Monday,12,38,NA,NA,wet,NA,,vona,214
2019,11,18,Monday,12,57,NA,NA,bowel,NA,,vona,214
2019,11,18,Monday,15,0,NA,NA,wet,NA,,vona,214
2019,11,18,Monday,9,0,NA,NA,bottle,6,oz,vona,214
2019,11,18,Monday,11,30,NA,NA,bottle,3,oz,vona,214
2019,11,18,Monday,13,0,NA,NA,bottle,3,oz,vona,214
2019,11,18,Monday,15,0,NA,NA,bottle,2,oz,vona,214
2019,11,18,Monday,11,0,NA,NA,solids,3,irongoo,vona,214
2019,11,18,Monday,14,25,NA,NA,solids,3,irongoo,vona,214
2019,11,18,Monday,11,30,11,59,nap,NA,,vona,214
2019,11,18,Monday,13,13,13,58,nap,NA,,vona,214
2019,11,19,Tuesday,7,40,NA,NA,wet,NA,,ap,215
2019,11,19,Tuesday,9,45,NA,NA,wet,NA,,ap,215
2019,11,19,Tuesday,12,20,NA,NA,wet,NA,,ap,215
2019,11,19,Tuesday,14,15,NA,NA,wet,NA,,ap,215
2019,11,19,Tuesday,8,40,NA,NA,bottle,1.5,oz,ap,215
2019,11,19,Tuesday,10,30,NA,NA,bottle,4,oz,ap,215
2019,11,19,Tuesday,12,35,NA,NA,bottle,3,oz,ap,215
2019,11,19,Tuesday,14,20,NA,NA,bottle,4,oz,ap,215
2019,11,19,Tuesday,8,0,NA,NA,solids,2,toast_egg,ap,215
2019,11,19,Tuesday,10,15,NA,NA,solids,3,egg,ap,215
2019,11,19,Tuesday,14,0,NA,NA,solids,3,egg,ap,215
2019,11,19,Tuesday,10,45,12,0,nap,NA,,ap,215
2019,11,20,Wednesday,7,30,NA,NA,wet,NA,,ap,216
2019,11,20,Wednesday,9,15,NA,NA,bowel,NA,,ap,216
2019,11,20,Wednesday,12,5,NA,NA,wet,NA,,ap,216
2019,11,20,Wednesday,13,30,NA,NA,bowel,NA,,ap,216
2019,11,20,Wednesday,15,0,NA,NA,dry,NA,,ap,216
2019,11,20,Wednesday,8,30,NA,NA,solids,3.5,,ap,216
2019,11,20,Wednesday,10,30,NA,NA,solids,2,,ap,216
2019,11,20,Wednesday,12,20,NA,NA,solids,5,,ap,216
2019,11,20,Wednesday,14,50,NA,NA,solids,4,,ap,216
2019,11,20,Wednesday,8,10,NA,NA,solids,3,egg,ap,216
2019,11,20,Wednesday,10,15,NA,NA,solids,3,irongoo,ap,216
2019,11,20,Wednesday,13,45,NA,NA,solids,2,irongoo,ap,216
2019,11,20,Wednesday,10,47,12,2,nap,NA,,ap,216
2019,11,21,Thursday,8,40,8,47,bottle,3.1,oz,jsm,217
2019,11,21,Thursday,7,15,NA,NA,solids,1,sausage,jsm,217
2019,11,21,Thursday,10,15,11,45,nap,NA,,jsm,217
2019,11,21,Thursday,11,40,NA,NA,trait_mass,8.79,kg,rainbow,217
2019,11,21,Thursday,11,40,NA,NA,trait_length,73,cm,rainbow,217
2019,12,3,Tuesday,8,50,NA,NA,dry,NA,,kc,229
2019,12,3,Tuesday,9,30,NA,NA,wet,NA,,kc,229
2019,12,3,Tuesday,11,30,NA,NA,dry,NA,,kc,229
2019,12,3,Tuesday,13,20,NA,NA,wet,NA,,kc,229
2019,12,3,Tuesday,15,7,NA,NA,bowel,NA,,kc,229
2019,12,3,Tuesday,9,0,NA,NA,bottle,3,oz,kc,229
2019,12,3,Tuesday,11,0,NA,NA,bottle,3,oz,kc,229
2019,12,3,Tuesday,13,24,NA,NA,bottle,3,oz,kc,229
2019,12,3,Tuesday,14,35,NA,NA,bottle,3,oz,kc,229
2019,12,3,Tuesday,13,50,14,30,nap,NA,,kc,229
2019,12,3,Tuesday,10,45,NA,NA,solids,3,irongoo,kc,229
2019,12,3,Tuesday,14,35,NA,NA,solids,3,irongoo,kc,229
2019,12,3,Tuesday,7,13,NA,NA,trait_tooth_incisor_upper_right,NA,,jsmkch,229
2019,12,4,Wednesday,8,10,NA,NA,wet,NA,,ap,230
2019,12,4,Wednesday,9,35,NA,NA,bowel,NA,,ap,230
2019,12,4,Wednesday,11,15,NA,NA,wet,NA,,ap,230
2019,12,4,Wednesday,12,45,NA,NA,wet,NA,,ap,230
2019,12,4,Wednesday,14,40,NA,NA,wet,NA,,ap,230
2019,12,4,Wednesday,8,30,NA,NA,bottle,4,oz,ap,230
2019,12,4,Wednesday,10,0,NA,NA,bottle,3,oz,ap,230
2019,12,4,Wednesday,11,20,NA,NA,bottle,2,oz,ap,230
2019,12,4,Wednesday,12,50,NA,NA,bottle,1.5,oz,ap,230
2019,12,4,Wednesday,8,0,NA,NA,solids,3,irongoo,ap,230
2019,12,4,Wednesday,11,0,NA,NA,solids,3,irongoo,ap,230
2019,12,4,Wednesday,14,10,NA,NA,solids,2,irongoo,ap,230
2019,12,4,Wednesday,12,0,12,40,nap,NA,,ap,230
2019,12,4,Wednesday,14,30,NA,NA,bottle,3,oz,ap,230
2019,12,5,Thursday,7,45,NA,NA,wet,NA,,ap,231
2019,12,5,Thursday,9,20,NA,NA,wet,NA,,ap,231
2019,12,5,Thursday,12,15,NA,NA,wet,NA,,jd,231
2019,12,5,Thursday,14,25,NA,NA,wet,NA,,ap,231
2019,12,5,Thursday,8,5,NA,NA,bottle,3,oz,ap,231
2019,12,5,Thursday,9,45,NA,NA,bottle,3.5,oz,ap,231
2019,12,5,Thursday,12,20,NA,NA,bottle,3.5,oz,ap,231
2019,12,5,Thursday,14,30,NA,NA,bottle,2,oz,ap,231
2019,12,5,Thursday,10,45,12,10,nap,NA,,ap,231
2019,12,5,Thursday,8,0,NA,NA,solids,2,irongoo,ap,231
2019,12,5,Thursday,10,20,NA,NA,solids,3,irongoo,ap,231
2019,12,5,Thursday,14,10,NA,NA,solids,3,irongoo,ap,231
2019,12,7,Saturday,12,55,NA,NA,trait_tooth_incisor_upper_left,NA,,jsmkch,233
2019,12,9,Monday,7,45,NA,NA,wet,NA,,ap,235
2019,12,9,Monday,9,30,NA,NA,wet,NA,,ap,235
2019,12,9,Monday,12,20,NA,NA,wet,NA,,vona,235
2019,12,9,Monday,14,20,NA,NA,wet,NA,,ap,235
2019,12,9,Monday,11,5,12,12,nap,NA,,vona,235
2019,12,9,Monday,9,55,NA,NA,bottle,4,oz,ap,235
2019,12,9,Monday,10,45,NA,NA,bottle,4,oz,ap,235
2019,12,9,Monday,13,0,NA,NA,bottle,2,oz,ap,235
2019,12,9,Monday,14,25,NA,NA,bottle,0,oz,ap,235
2019,12,9,Monday,8,0,NA,NA,solids,4,waffle,ap,235
2019,12,9,Monday,10,30,NA,NA,solids,4,irongoo,ap,235
2019,12,9,Monday,14,10,NA,NA,solids,1,apple,ap,235
2019,12,10,Tuesday,8,0,NA,NA,wet,NA,,ap,236
2019,12,10,Tuesday,9,50,NA,NA,wet,NA,,ap,236
2019,12,10,Tuesday,11,30,NA,NA,wet,NA,,ap,236
2019,12,10,Tuesday,13,45,NA,NA,wet,NA,,ap,236
2019,12,10,Tuesday,15,20,NA,NA,bowel,NA,,ap,236
2019,12,10,Tuesday,9,25,NA,NA,bottle,4,oz,ap,236
2019,12,10,Tuesday,11,15,NA,NA,bottle,4,oz,ap,236
2019,12,10,Tuesday,14,40,NA,NA,bottle,3,oz,ap,236
2019,12,10,Tuesday,10,10,11,0,nap,NA,,ap,236
2019,12,10,Tuesday,8,20,NA,NA,solids,3,biscuit_gravy_orange,ap,236
2019,12,10,Tuesday,11,20,NA,NA,solids,3,greenbeans,ap,236
2019,12,10,Tuesday,14,20,NA,NA,solids,2,graham_crackers,ap,236
2019,12,11,Wednesday,7,30,NA,NA,wet,NA,,kc,237
2019,12,11,Wednesday,9,30,NA,NA,wet,NA,,kc,237
2019,12,11,Wednesday,11,35,NA,NA,wet,NA,,ap,237
2019,12,11,Wednesday,14,18,NA,NA,wet,NA,,ap,237
2019,12,11,Wednesday,8,30,NA,NA,bottle,3,oz,kc,237
2019,12,11,Wednesday,10,7,NA,NA,bottle,4,oz,kc,237
2019,12,11,Wednesday,14,5,NA,NA,bottle,4,oz,ap,237
2019,12,11,Wednesday,14,48,NA,NA,bottle,3,oz,ap,237
2019,12,11,Wednesday,10,35,11,32,nap,NA,,ap,237
2019,12,11,Wednesday,8,0,NA,NA,solids,3,cheerio,kc,237
2019,12,11,Wednesday,11,40,NA,NA,solids,2.5,ham_mashedpotato_strawberry,ap,237
2019,12,11,Wednesday,14,0,NA,NA,solids,3,gcracker_apple,ap,237
2019,12,12,Thursday,7,40,NA,NA,wet,NA,,ap,238
2019,12,12,Thursday,9,50,NA,NA,wet,NA,,ap,238
2019,12,12,Thursday,11,30,NA,NA,wet,NA,,ap,238
2019,12,12,Thursday,13,20,NA,NA,wet,NA,,ap,238
2019,12,12,Thursday,15,0,NA,NA,wet,NA,,kc,238
2019,12,12,Thursday,9,55,NA,NA,bottle,2,oz,ap,238
2019,12,12,Thursday,10,25,NA,NA,bottle,3,oz,ap,238
2019,12,12,Thursday,13,10,NA,NA,bottle,1,oz,ap,238
2019,12,12,Thursday,14,57,NA,NA,bottle,3,oz,ap,238
2019,12,12,Thursday,10,30,11,20,nap,NA,,ap,238
2019,12,12,Thursday,8,15,NA,NA,solids,3,banana_toast,ap,238
2019,12,12,Thursday,12,15,NA,NA,solids,2,turkey_cheese_applesauce,ap,238
2019,12,12,Thursday,14,0,NA,NA,solids,3,crackers_cheese,ap,238
2019,12,13,Friday,7,0,NA,NA,dry,NA,,kc,239
2019,12,13,Friday,9,30,NA,NA,wet,NA,,kc,239
2019,12,13,Friday,10,25,NA,NA,wet,NA,,kc,239
2019,12,13,Friday,12,55,NA,NA,wet,NA,,kc,239
2019,12,13,Friday,14,55,NA,NA,wet,NA,,kc,239
2019,12,13,Friday,8,0,NA,NA,bottle,3,oz,kc,239
2019,12,13,Friday,10,45,NA,NA,bottle,3,oz,kc,239
2019,12,13,Friday,13,30,NA,NA,bottle,1,oz,kc,239
2019,12,13,Friday,14,30,NA,NA,bottle,3,oz,kc,239
2019,12,13,Friday,11,0,12,49,nap,NA,,kc,239
2019,12,13,Friday,10,50,NA,NA,solids,3,irongoo_vegetable,kc,239
2019,12,13,Friday,14,0,NA,NA,solids,3,irongoo,kc,239
2019,12,17,Tuesday,7,30,NA,NA,wet,NA,,ap,243
2019,12,17,Tuesday,9,15,NA,NA,wet,NA,,ap,243
2019,12,17,Tuesday,12,23,NA,NA,wet,NA,,ap,243
2019,12,17,Tuesday,14,15,NA,NA,dry,NA,,ap,243
2019,12,17,Tuesday,10,40,NA,NA,bottle,3,oz,ap,243
2019,12,17,Tuesday,13,45,NA,NA,bottle,4,oz,ap,243
2019,12,17,Tuesday,11,5,12,20,nap,NA,,ap,243
2019,12,17,Tuesday,8,0,NA,NA,solids,3,waffle,ap,243
2019,12,17,Tuesday,10,30,NA,NA,solids,0,ham_squash_corn,ap,243
2019,12,17,Tuesday,14,0,NA,NA,solids,3,bread_raisin,ap,243
2019,12,18,Wednesday,8,0,NA,NA,wet,NA,,ap,244
2019,12,18,Wednesday,10,5,NA,NA,wet,NA,,ap,244
2019,12,18,Wednesday,12,25,NA,NA,wet,NA,,ij,244
2019,12,18,Wednesday,14,25,NA,NA,wet,NA,,ap,244
2019,12,18,Wednesday,15,22,NA,NA,dry,NA,,kc,244
2019,12,18,Wednesday,9,55,NA,NA,bottle,3,oz,ap,244
2019,12,18,Wednesday,11,5,NA,NA,bottle,1,oz,ap,244
2019,12,18,Wednesday,13,0,NA,NA,bottle,2,oz,ap,244
2019,12,18,Wednesday,11,10,12,15,nap,NA,,ap,244
2019,12,18,Wednesday,7,50,NA,NA,solids,3,irongoo,ap,244
2019,12,18,Wednesday,10,30,NA,NA,solids,1,squash,ap,244
2019,12,18,Wednesday,14,0,NA,NA,solids,3,irongoo,ap,244
2019,12,19,Thursday,8,10,NA,NA,wet,NA,,ap,245
2019,12,19,Thursday,10,5,NA,NA,wet,NA,,ap,245
2019,12,19,Thursday,13,7,NA,NA,bowel,NA,,ap,245
2019,12,19,Thursday,15,0,NA,NA,dry,NA,,ap,245
2019,12,19,Thursday,8,55,NA,NA,bottle,1,oz,ap,245
2019,12,19,Thursday,13,13,NA,NA,bottle,1,oz,ap,245
2019,12,19,Thursday,13,40,NA,NA,bottle,2,oz,ap,245
2019,12,19,Thursday,7,50,NA,NA,solids,2.5,irongoo,ap,245
2019,12,19,Thursday,10,20,NA,NA,solids,3,carrot,ap,245
2019,12,19,Thursday,14,30,NA,NA,solids,3,irongoo_carrot,ap,245
2019,12,19,Thursday,11,28,13,5,nap,NA,,ap,245
2020,1,6,Monday,7,14,NA,NA,dry,NA,,kc,263
2020,1,6,Monday,9,0,NA,NA,wet,NA,,ap,263
2020,1,6,Monday,12,30,NA,NA,wet,NA,,ap,263
2020,1,6,Monday,14,20,NA,NA,wet,NA,,ap,263
2020,1,6,Monday,9,10,NA,NA,bottle,3,oz,ap,263
2020,1,6,Monday,13,25,NA,NA,bottle,4,oz,ap,263
2020,1,6,Monday,11,10,12,17,nap,NA,,ap,263
2020,1,6,Monday,8,0,NA,NA,solids,3,raisinbran,ap,263
2020,1,6,Monday,10,45,NA,NA,solids,3,meatballs_mashedpotato_strawberry,ap,263
2020,1,6,Monday,13,45,NA,NA,solids,3,cheese,ap,263
2020,1,8,Wednesday,10,10,NA,NA,wet,NA,,ap,265
2020,1,8,Wednesday,12,30,NA,NA,wet,NA,,kc,265
2020,1,8,Wednesday,14,25,NA,NA,wet,NA,,ap,265
2020,1,8,Wednesday,11,5,NA,NA,bottle,2,oz,ap,265
2020,1,8,Wednesday,13,15,NA,NA,bottle,3,oz,ap,265
2020,1,8,Wednesday,11,15,12,30,nap,NA,,ap,265
2020,1,8,Wednesday,10,30,NA,NA,solids,3,noodles,ap,265
2020,1,8,Wednesday,14,10,NA,NA,solids,3,fruit,ap,265
2020,1,9,Thursday,7,5,NA,NA,dry,NA,,kc,266
2020,1,9,Thursday,8,30,NA,NA,wet,NA,,ap,266
2020,1,9,Thursday,10,20,NA,NA,wet,NA,,ap,266
2020,1,9,Thursday,12,45,NA,NA,wet,NA,,ap,266
2020,1,9,Thursday,14,30,NA,NA,wet,NA,,ap,266
2020,1,9,Thursday,9,35,NA,NA,bottle,1,oz,ap,266
2020,1,9,Thursday,11,0,NA,NA,bottle,0,oz,ap,266
2020,1,9,Thursday,12,55,NA,NA,bottle,1.5,oz,ap,266
2020,1,9,Thursday,8,10,NA,NA,solids,2,fruit,ap,266
2020,1,9,Thursday,10,40,NA,NA,solids,3,noodles,ap,266
2020,1,9,Thursday,14,5,NA,NA,solids,3,fruit,ap,266
2020,1,9,Thursday,11,10,11,45,nap,NA,,ap,266
2020,1,10,Friday,8,30,NA,NA,wet,NA,,ap,267
2020,1,10,Friday,9,15,NA,NA,bowel,NA,,ap,267
2020,1,10,Friday,12,50,NA,NA,wet,NA,,ap,267
2020,1,10,Friday,9,0,NA,NA,bottle,1,oz,ap,267
2020,1,10,Friday,11,20,NA,NA,bottle,2,oz,ap,267
2020,1,10,Friday,8,0,NA,NA,solids,3,cheese_toast_apple,ap,267
2020,1,10,Friday,11,5,NA,NA,solids,3,noodles_banana_veggies,ap,267
2020,1,10,Friday,14,10,NA,NA,solids,3,gcracker,ap,267
2020,1,10,Friday,11,25,12,30,nap,NA,,ap,267
2020,1,13,Monday,7,45,NA,NA,wet,NA,,ap,270
2020,1,13,Monday,9,55,NA,NA,wet,NA,,ap,270
2020,1,13,Monday,12,25,NA,NA,wet,NA,,ap,270
2020,1,13,Monday,13,50,NA,NA,wet,NA,,kc,270
2020,1,13,Monday,11,7,12,20,nap,NA,,ap,270
2020,1,13,Monday,11,5,NA,NA,bottle,1,oz,ap,270
2020,1,13,Monday,14,0,NA,NA,bottle,2,oz,ap,270
2020,1,13,Monday,8,15,NA,NA,solids,3,cheerios,ap,270
2020,1,13,Monday,10,50,NA,NA,solids,3,noodles,ap,270
2020,1,13,Monday,14,5,NA,NA,solids,2,apple,ap,270
2020,1,14,Tuesday,8,10,NA,NA,wet,NA,,ap,271
2020,1,14,Tuesday,10,10,NA,NA,wet,NA,,ap,271
2020,1,14,Tuesday,12,0,NA,NA,wet,NA,,ap,271
2020,1,14,Tuesday,14,30,NA,NA,wet,NA,,ap,271
2020,1,14,Tuesday,9,15,NA,NA,bottle,2,oz,ap,271
2020,1,14,Tuesday,13,10,NA,NA,bottle,0.5,oz,ap,271
2020,1,14,Tuesday,10,27,11,30,nap,NA,,ap,271
2020,1,14,Tuesday,8,40,NA,NA,solids,1,toast_apple,ap,271
2020,1,14,Tuesday,11,30,NA,NA,solids,2.5,apple,ap,271
2020,1,14,Tuesday,14,15,NA,NA,solids,3,fruit,ap,271
2020,1,15,Wednesday,8,30,NA,NA,wet,NA,,ap,272
2020,1,15,Wednesday,10,6,NA,NA,bowel,NA,,kc,272
2020,1,15,Wednesday,12,12,NA,NA,wet,NA,,ap,272
2020,1,15,Wednesday,14,0,NA,NA,dry,NA,,ap,272
2020,1,15,Wednesday,11,7,12,9,nap,NA,,ap,272
2020,1,15,Wednesday,9,10,NA,NA,bottle,0,oz,ap,272
2020,1,15,Wednesday,11,0,NA,NA,bottle,1,oz,ap,272
2020,1,15,Wednesday,13,0,NA,NA,bottle,0,oz,ap,272
2020,1,15,Wednesday,8,10,NA,NA,solids,3,cereal,ap,272
2020,1,15,Wednesday,10,50,NA,NA,solids,2,turkey_potato_pineapple,ap,272
2020,1,15,Wednesday,13,55,NA,NA,solids,NA,banana_animalcrackers,ap,272
2020,1,16,Thursday,7,2,NA,NA,dry,NA,,kc,273
2020,1,16,Thursday,8,30,NA,NA,wet,NA,,ap,273
2020,1,16,Thursday,10,30,NA,NA,wet,NA,,ap,273
2020,1,16,Thursday,12,20,NA,NA,wet,NA,,ap,273
2020,1,16,Thursday,14,6,NA,NA,wet,NA,,kc,273
2020,1,16,Thursday,9,30,NA,NA,bottle,0.5,oz,ap,273
2020,1,16,Thursday,14,20,NA,NA,bottle,0,oz,ap,273
2020,1,16,Thursday,11,20,12,15,nap,NA,,ap,273
2020,1,16,Thursday,8,10,NA,NA,solids,3,toast_oatmeal,ap,273
2020,1,16,Thursday,10,45,NA,NA,solids,3,chicken_broccoli_pineapple,ap,273
2020,1,16,Thursday,12,25,NA,NA,solids,3,blueberries,ap,273
2020,1,16,Thursday,13,45,NA,NA,solids,3,blueberries_animalcrackers_yogurt,ap,273
2020,1,17,,7,33,NA,NA,bowel,NA,,kc,274
2020,1,17,,9,10,NA,NA,dry,NA,,ap,274
2020,1,17,,10,30,NA,NA,wet,NA,,kc,274
2020,1,17,,13,17,NA,NA,wet,NA,,kc,274
2020,1,17,,14,5,NA,NA,wet,NA,,kc,274
2020,1,17,,13,45,NA,NA,water,NA,,kc,274
2020,1,17,,14,21,NA,NA,water,NA,,kc,274
2020,1,17,,11,30,13,0,nap,NA,,kc,274
2020,1,21,Tuesday,8,20,NA,NA,wet,NA,,ap,278
2020,1,21,Tuesday,10,15,NA,NA,dry,NA,,ap,278
2020,1,21,Tuesday,12,25,NA,NA,wet,NA,,kc,278
2020,1,21,Tuesday,14,20,NA,NA,wet,NA,,ap,278
2020,1,21,Tuesday,8,25,NA,NA,bottle,0,water,ap,278
2020,1,21,Tuesday,9,40,NA,NA,bottle,0,water,ap,278
2020,1,21,Tuesday,10,50,NA,NA,bottle,0,water,ap,278
2020,1,21,Tuesday,13,0,NA,NA,bottle,1,oz,ap,278
2020,1,21,Tuesday,11,5,12,20,nap,NA,,ap,278
2020,1,21,Tuesday,8,5,NA,NA,solids,3,toast_oranges,ap,278
2020,1,21,Tuesday,10,50,NA,NA,solids,3,fishsticks_borccoli_applesauce,ap,278
2020,1,21,Tuesday,12,50,NA,NA,solids,3,carrots,ap,278
2020,1,21,Tuesday,14,5,NA,NA,solids,3,gcrackers,ap,278
2020,1,21,,8,20,NA,NA,wet,NA,,ap,278
2020,1,21,,10,15,NA,NA,dry,NA,,ap,278
2020,1,21,,12,25,NA,NA,wet,NA,,kc,278
2020,1,21,,14,20,NA,NA,wet,NA,,ap,278
2020,1,21,,8,25,NA,NA,water,NA,,ap,278
2020,1,21,,9,40,NA,NA,water,NA,,ap,278
2020,1,21,,10,50,NA,NA,water,NA,,ap,278
2020,1,21,,13,0,NA,NA,bottle,1,oz,ap,278
2020,1,21,,11,5,12,20,nap,NA,,ap,278
2020,1,22,Wednesday,7,2,NA,NA,wet,NA,,kc,279
2020,1,22,Wednesday,9,0,NA,NA,wet,NA,,mb,279
2020,1,22,Wednesday,10,45,NA,NA,wet,NA,,kc,279
2020,1,22,Wednesday,11,30,NA,NA,bowel,NA,,kc,279
2020,1,22,Wednesday,13,59,NA,NA,wet,NA,,kc,279
2020,1,22,Wednesday,10,30,NA,NA,bottle,0,water,kc,279
2020,1,22,Wednesday,13,38,NA,NA,bottle,0,water,kc,279
2020,1,22,Wednesday,14,29,NA,NA,bottle,2,oz,kc,279
2020,1,22,Wednesday,11,55,13,0,nap,NA,,kc,279
2020,1,22,Wednesday,8,0,NA,NA,solids,2.5,applesauce_eggs,kc,279
2020,1,22,Wednesday,10,50,NA,NA,solids,3,noodles_veggies_cheese,kc,279
2020,1,22,Wednesday,14,0,NA,NA,solids,3,crackers_cheese,kc,279
2020,1,23,,7,14,NA,NA,wet,NA,,kc,280
2020,1,23,,9,0,NA,NA,wet,NA,,ac,280
2020,1,23,,10,30,NA,NA,wet,NA,,kc,280
2020,1,23,,13,0,NA,NA,bowel,NA,,kc,280
2020,1,23,,11,0,NA,NA,water,NA,,kc,280
2020,1,23,,13,30,NA,NA,bottle,3,oz,kc,280
2020,1,23,,11,10,12,50,nap,NA,,kc,280
2020,1,27,,8,30,NA,NA,wet,NA,,ap,284
2020,1,27,,10,10,NA,NA,dry,NA,,ap,284
2020,1,27,,12,20,NA,NA,wet,NA,,ap,284
2020,1,27,,14,0,NA,NA,wet,NA,,ap,284
2020,1,27,,9,40,NA,NA,water,NA,,ap,284
2020,1,27,,10,50,NA,NA,water,NA,,ap,284
2020,1,27,,14,10,NA,NA,bottle,2,oz,ap,284
2020,1,27,,11,10,12,15,nap,NA,,ap,284
2020,1,28,,8,10,NA,NA,wet,NA,,ap,285
2020,1,28,,10,5,NA,NA,bowel,NA,,ap,285
2020,1,28,,12,40,NA,NA,wet,NA,,ap,285
2020,1,28,,14,15,NA,NA,dry,NA,,ap,285
2020,1,28,,10,10,NA,NA,bottle,2,oz,ap,285
2020,1,28,,11,10,NA,NA,bottle,1,oz,ap,285
2020,1,28,,14,50,NA,NA,water,NA,,ap,285
2020,1,28,,11,15,12,20,nap,NA,,ap,285
2020,1,29,,8,10,NA,NA,wet,NA,,kc,286
2020,1,29,,9,10,NA,NA,bowel,NA,,hannah,286
2020,1,29,,10,11,NA,NA,wet,NA,,kc,286
2020,1,29,,11,50,NA,NA,wet,NA,,ap,286
2020,1,29,,13,59,NA,NA,dry,NA,,kc,286
2020,1,29,,14,17,NA,NA,wet,NA,,kc,286
2020,1,29,,9,50,NA,NA,water,NA,,kc,286
2020,1,29,,12,31,NA,NA,bottle,4,oz,kc,286
2020,1,29,,14,0,NA,NA,bottle,2,oz,kc,286
2020,1,29,,11,15,11,45,nap,NA,,ap,286
2020,1,30,Thursday,NA,NA,NA,NA,trait_length,74.9,cm,rainbow,287
2020,1,30,Thursday,NA,NA,NA,NA,trait_mass,9.92,kg,rainbow,287
2020,1,30,Thursday,NA,NA,NA,NA,trait_head_circum,45.7,cm,rainbow,287
2020,1,30,,8,20,NA,NA,wet,NA,,kc,287
2020,1,30,,10,20,NA,NA,wet,NA,,kc,287
2020,1,30,,12,32,NA,NA,wet,NA,,kc,287
2020,1,30,,14,34,NA,NA,dry,NA,,kc,287
2020,1,30,,8,50,NA,NA,bottle,3,oz,kc,287
2020,1,30,,10,50,NA,NA,water,NA,,kc,287
2020,1,30,,12,30,NA,NA,bottle,3,oz,kc,287
2020,1,30,,14,12,NA,NA,bottle,3,oz,kc,287
2020,1,30,,11,5,12,29,nap,NA,,kc,287
2020,1,31,,8,45,NA,NA,wet,NA,,ap,288
2020,1,31,,10,30,NA,NA,wet,NA,,ap,288
2020,1,31,,12,50,NA,NA,wet,NA,,ap,288
2020,1,31,,14,35,NA,NA,dry,NA,,ap,288
2020,1,31,,8,10,NA,NA,water,NA,,ap,288
2020,1,31,,11,0,NA,NA,water,NA,,ap,288
2020,1,31,,14,15,NA,NA,water,NA,,ap,288
2020,1,31,,11,17,12,30,nap,NA,,ap,288
2020,2,4,,7,30,NA,NA,wet,NA,,kc,292
2020,2,4,,9,20,NA,NA,wet,NA,,ap,292
2020,2,4,,11,45,NA,NA,wet,NA,,ap,292
2020,2,4,,14,40,NA,NA,wet,NA,,ap,292
2020,2,4,,9,0,NA,NA,bottle,3,oz,ap,292
2020,2,4,,11,0,NA,NA,bottle,3,oz,ap,292
2020,2,4,,13,35,NA,NA,bottle,3,oz,ap,292
2020,2,4,,13,50,14,35,nap,NA,,ap,292
2020,2,5,,7,45,NA,NA,dry,NA,,ap,293
2020,2,5,,8,55,NA,NA,wet,NA,,melody,293
2020,2,5,,10,15,NA,NA,bowel,NA,,kc,293
2020,2,5,,13,5,NA,NA,dry,NA,,melody,293
2020,2,5,,9,30,NA,NA,bottle,3,oz,melody,293
2020,2,5,,11,0,NA,NA,water,NA,,melody,293
2020,2,5,,14,0,NA,NA,bottle,3,oz,melody,293
2020,2,5,,11,10,12,55,nap,NA,,melody,293
2020,2,6,Thursday,NA,NA,NA,NA,trait_tooth_incisor_lateral_upper_right,NA,,kch,294
2020,2,6,,8,10,NA,NA,wet,NA,,ap,294
2020,2,6,,10,5,NA,NA,bowel,NA,,ap,294
2020,2,6,,9,25,NA,NA,bottle,3,oz,ap,294
2020,2,6,,11,0,NA,NA,bottle,3,oz,ap,294
2020,2,10,Monday,NA,NA,NA,NA,skill_step,NA,,kc,298
2020,2,10,,8,50,NA,NA,wet,NA,,kc,298
2020,2,10,,10,30,NA,NA,wet,NA,,kc,298
2020,2,10,,12,30,NA,NA,wet,NA,,kc,298
2020,2,10,,14,5,NA,NA,wet,NA,,kc,298
2020,2,10,,8,0,NA,NA,bottle,3,oz,kc,298
2020,2,10,,11,10,NA,NA,bottle,3,oz,kc,298
2020,2,10,,13,10,NA,NA,water,NA,,kc,298
2020,2,10,,14,9,NA,NA,water,NA,,kc,298
2020,2,10,,11,30,12,15,nap,NA,,kc,298
2020,2,11,Tuesday,NA,NA,NA,NA,trait_tooth_incisor_lateral_upper_left,NA,,jsm,299
2020,2,11,,8,10,NA,NA,wet,NA,,ap,299
2020,2,11,,10,15,NA,NA,wet,NA,,ap,299
2020,2,11,,12,5,NA,NA,bowel,NA,,ap,299
2020,2,11,,14,0,NA,NA,wet,NA,,ap,299
2020,2,11,,9,15,NA,NA,bottle,2,,ap,299
2020,2,11,,12,42,NA,NA,bottle,2,,ap,299
2020,2,11,,13,40,NA,NA,bottle,1,,ap,299
2020,2,11,,11,5,11,59,nap,NA,,ap,299
2020,2,12,,8,15,NA,NA,wet,NA,,ap,300
2020,2,12,,10,15,NA,NA,wet,NA,,kc,300
2020,2,12,,13,10,NA,NA,wet,NA,,kc,300
2020,2,12,,11,0,NA,NA,bottle,3,oz,kc,300
2020,2,12,,13,6,NA,NA,bottle,3,oz,kc,300
2020,2,12,,14,0,NA,NA,water,NA,,kc,300
2020,2,12,,11,20,13,0,nap,NA,,kc,300
2020,2,13,,8,45,NA,NA,wet,NA,,ap,301
2020,2,13,,9,15,NA,NA,bowel,NA,,ap,301
2020,2,13,,10,40,NA,NA,wet,NA,,ij,301
2020,2,13,,13,45,NA,NA,wet,NA,,ij,301
2020,2,13,,11,20,13,0,nap,NA,,ij,301
2020,2,14,,8,15,NA,NA,wet,NA,,ap,302
2020,2,14,,10,5,NA,NA,wet,NA,,ap,302
2020,2,14,,11,10,NA,NA,bowel,NA,,ap,302
2020,2,14,,12,57,NA,NA,wet,NA,,ap,302
2020,2,14,,14,15,NA,NA,wet,NA,,ap,302
2020,2,14,,9,45,NA,NA,bottle,2,oz,ap,302
2020,2,14,,12,45,NA,NA,bottle,2,oz,ap,302
2020,2,14,,11,15,12,30,nap,NA,,ap,302
2020,2,17,,8,10,NA,NA,wet,NA,,ap,305
2020,2,17,,10,40,NA,NA,wet,NA,,ij,305
2020,2,17,,13,50,NA,NA,wet,NA,,ij,305
2020,2,17,,14,30,NA,NA,wet,NA,,kc,305
2020,2,17,,8,0,NA,NA,bottle,3,oz,ap,305
2020,2,17,,11,0,NA,NA,bottle,3,oz,ij,305
2020,2,17,,14,9,NA,NA,water,NA,,ij,305
2020,2,17,,11,20,13,20,nap,NA,,ij,305
2020,2,18,,8,5,NA,NA,wet,NA,,ap,306
2020,2,18,,10,30,NA,NA,bowel,NA,,kc,306
2020,2,18,,13,50,NA,NA,wet,NA,,kc,306
2020,2,18,,9,0,NA,NA,bottle,3,oz,kc,306
2020,2,18,,11,0,NA,NA,bottle,3,oz,kc,306
2020,2,18,,14,0,NA,NA,water,NA,,kc,306
2020,2,18,,11,20,13,20,nap,NA,,kc,306
2020,2,19,,8,25,NA,NA,wet,NA,,ap,307
2020,2,19,,10,15,NA,NA,wet,NA,,kc,307
2020,2,19,,12,50,NA,NA,wet,NA,,ap,307
2020,2,19,,13,15,NA,NA,bowel,NA,,ap,307
2020,2,19,,9,15,NA,NA,bottle,2,oz,ap,307
2020,2,19,,12,55,NA,NA,bottle,1,oz,ap,307
2020,2,19,,11,10,12,15,nap,NA,,ap,307
2020,2,20,,8,30,NA,NA,wet,NA,,ap,308
2020,2,20,,10,30,NA,NA,wet,NA,,ap,308
2020,2,20,,12,35,NA,NA,wet,NA,,ap,308
2020,2,20,,14,14,NA,NA,wet,NA,,kc,308
2020,2,20,,9,15,NA,NA,bottle,2,oz,ap,308
2020,2,20,,11,10,NA,NA,bottle,1,oz,ap,308
2020,2,20,,12,50,NA,NA,water,NA,,kc,308
2020,2,20,,13,55,NA,NA,water,NA,,kc,308
2020,2,20,,11,35,12,33,nap,NA,,kc,308
2020,2,21,,8,30,NA,NA,wet,NA,,ap,309
2020,2,21,,10,10,NA,NA,bowel,NA,,ap,309
2020,2,21,,12,45,NA,NA,wet,NA,,ap,309
2020,2,21,,14,46,NA,NA,wet,NA,,kc,309
2020,2,21,,9,20,NA,NA,bottle,2,oz,ap,309
2020,2,21,,11,5,NA,NA,water,NA,,ap,309
2020,2,21,,13,10,NA,NA,bottle,2,oz,ap,309
2020,2,21,,11,25,12,8,nap,NA,,ap,309
2020,2,24,,8,20,NA,NA,wet,NA,,ap,312
2020,2,24,,10,20,NA,NA,wet,NA,,kc,312
2020,2,24,,13,30,NA,NA,wet,NA,,kc,312
2020,2,24,,8,0,NA,NA,bottle,3,oz,kc,312
2020,2,24,,11,0,NA,NA,bottle,3,oz,kc,312
2020,2,24,,13,30,NA,NA,water,NA,,kc,312
2020,2,24,,11,20,13,20,nap,NA,,kc,312
2020,2,25,,8,30,NA,NA,wet,NA,,ap,313
2020,2,25,,10,35,NA,NA,dry,NA,,ij,313
2020,2,25,,12,45,NA,NA,wet,NA,,ij,313
2020,2,25,,14,50,NA,NA,wet,NA,,ij,313
2020,2,26,,7,30,NA,NA,wet,NA,,ap,314
2020,2,26,,9,13,NA,NA,dry,NA,,ij,314
2020,2,26,,10,33,NA,NA,wet,NA,,kc,314
2020,2,26,,13,0,NA,NA,dry,NA,,ij,314
2020,2,26,,14,22,NA,NA,wet,NA,,kc,314
2020,2,26,,8,0,NA,NA,bottle,3,oz,kc,314
2020,2,26,,10,0,NA,NA,bottle,3,oz,kc,314
2020,2,26,,11,0,NA,NA,bottle,3,oz,kc,314
2020,2,26,,14,0,NA,NA,water,NA,,ij,314
2020,2,26,,11,10,12,52,nap,NA,,kc,314
2020,2,28,,8,15,NA,NA,wet,NA,,ij,316
2020,2,28,,10,20,NA,NA,wet,NA,,ap,316
2020,2,28,,12,25,NA,NA,wet,NA,,ap,316
2020,2,28,,14,5,NA,NA,wet,NA,,ap,316
2020,2,28,,9,20,NA,NA,bottle,2,oz,ap,316
2020,2,28,,10,50,NA,NA,water,NA,,ap,316
2020,2,28,,12,35,NA,NA,bottle,3,oz,ap,316
2020,2,28,,11,15,12,3,nap,NA,,ap,316
2020,3,2,,8,15,NA,NA,wet,NA,,ap,319
2020,3,2,,10,45,NA,NA,wet,NA,,kc,319
2020,3,2,,12,45,NA,NA,wet,NA,,kc,319
2020,3,2,,15,0,NA,NA,wet,NA,,ij,319
2020,3,2,,9,0,NA,NA,bottle,4,oz,kc,319
2020,3,2,,11,0,NA,NA,bottle,4,oz,kc,319
2020,3,2,,11,30,12,30,nap,NA,,kc,319
2020,3,3,,8,5,NA,NA,wet,NA,,ap,320
2020,3,3,,10,40,NA,NA,wet,NA,,kc,320
2020,3,3,,13,47,NA,NA,wet,NA,,kc,320
2020,3,3,,9,0,NA,NA,bottle,4,oz,kc,320
2020,3,3,,11,0,NA,NA,bottle,4,oz,kc,320
2020,3,3,,14,0,NA,NA,water,NA,,kc,320
2020,3,3,,11,45,13,40,nap,NA,,kc,320
2020,3,4,,8,20,NA,NA,wet,NA,,ap,321
2020,3,4,,10,50,NA,NA,wet,NA,,kc,321
2020,3,4,,13,8,NA,NA,wet,NA,,kc,321
2020,3,4,,15,0,NA,NA,wet,NA,,kc,321
2020,3,4,,9,0,NA,NA,bottle,3,oz,kc,321
2020,3,4,,11,0,NA,NA,bottle,2,oz,kc,321
2020,3,4,,14,0,NA,NA,water,NA,,kc,321
2020,3,4,,11,20,13,6,nap,NA,,kc,321
2020,3,5,,8,30,NA,NA,wet,NA,,ap,322
2020,3,5,,10,30,NA,NA,wet,NA,,kc,322
2020,3,5,,13,30,NA,NA,wet,NA,,kc,322
2020,3,5,,9,30,NA,NA,bottle,1,oz,kc,322
2020,3,5,,11,0,NA,NA,bottle,0,oz,kc,322
2020,3,5,,13,45,NA,NA,water,NA,,kc,322
2020,3,5,,14,30,NA,NA,bottle,0,oz,kc,322
2020,3,5,,11,20,12,15,nap,NA,,kc,322
2020,3,9,,8,5,NA,NA,wet,NA,,ap,326
2020,3,9,,9,38,NA,NA,wet,NA,,kc,326
2020,3,9,,11,0,NA,NA,wet,NA,,kc,326
2020,3,9,,13,0,NA,NA,wet,NA,,kc,326
2020,3,9,,9,0,NA,NA,bottle,2,oz,kc,326
2020,3,9,,11,15,NA,NA,bottle,2,oz,kc,326
2020,3,9,,11,45,12,45,nap,NA,,kc,326
2020,3,10,Tuesday,NA,NA,NA,NA,skill_walking,NA,,jsmkch,327
2020,3,10,,8,40,NA,NA,wet,NA,,ap,327
2020,3,10,,10,45,NA,NA,wet,NA,,kc,327
2020,3,10,,12,35,NA,NA,dry,NA,,kc,327
2020,3,10,,14,10,NA,NA,wet,NA,,kc,327
2020,3,10,,9,0,NA,NA,bottle,1,oz,kc,327
2020,3,10,,11,0,NA,NA,bottle,2,oz,kc,327
2020,3,10,,12,37,NA,NA,water,NA,,kc,327
2020,3,10,,14,0,NA,NA,water,NA,,kc,327
2020,3,10,,11,45,12,30,nap,NA,,kc,327
2020,3,12,Thursday,NA,NA,NA,NA,start_home_covid19,NA,,jsm,329
2020,3,12,,10,0,NA,NA,wet,NA,,ij,329
2020,3,12,,13,25,NA,NA,wet,NA,,jd,329
2020,3,13,Friday,NA,NA,NA,NA,trait_mass,10.348,kg,rainbow,330
2020,3,13,Friday,18,0,NA,NA,amoxicilin,3,mL,jsm,330
2020,3,14,Saturday,8,0,NA,NA,amoxicilin,3,mL,jsm,331
2020,3,14,Saturday,18,0,NA,NA,amoxicilin,3,mL,jsm,331
2020,3,14,Saturday,8,0,NA,NA,predisolone,5,mL,jsm,331
2020,3,15,Sunday,8,0,NA,NA,amoxicilin,3,mL,jsm,332
2020,3,15,Sunday,18,0,NA,NA,amoxicilin,3,mL,jsm,332
2020,3,15,Sunday,8,0,NA,NA,predisolone,5,mL,jsm,332
2020,3,16,Monday,8,0,NA,NA,amoxicilin,3,mL,jsm,333
2020,3,16,Monday,18,0,NA,NA,amoxicilin,3,mL,jsm,333
2020,3,16,Monday,8,0,NA,NA,predisolone,5,mL,jsm,333
2020,3,17,Tuesday,8,0,NA,NA,amoxicilin,3,mL,jsm,334
2020,3,17,Tuesday,18,0,NA,NA,amoxicilin,3,mL,jsm,334
2020,3,17,Tuesday,8,0,NA,NA,predisolone,5,mL,jsm,334
2020,3,18,Wednesday,8,0,NA,NA,predisolone,5,mL,jsm,335
2020,3,18,Wednesday,8,0,NA,NA,amoxicilin,3,mL,jsm,335
2020,3,18,Wednesday,18,0,NA,NA,amoxicilin,3,mL,jsm,335
2020,3,19,Thursday,8,0,NA,NA,amoxicilin,3,mL,jsm,336
2020,3,20,Friday,8,0,NA,NA,amoxicilin,3,mL,jsm,337
2020,3,20,Friday,18,0,NA,NA,amoxicilin,3,mL,jsm,337
2020,3,21,Saturday,8,0,NA,NA,amoxicilin,3,mL,jsm,338
2020,4,7,Tuesday,NA,NA,NA,NA,trait_tooth_incisor_lower_right_lateral,NA,,kch,355
2020,4,16,Wednesday,NA,NA,NA,NA,trait_tooth_incisor_lower_left_lateral,NA,,jsm,364
2020,4,30,Thursday,NA,NA,NA,NA,trait_mass,10.66,kg,rainbow,378
2020,4,30,Thursday,NA,NA,NA,NA,trait_length,80.01,cm,rainbow,378
2020,5,25,Monday,NA,NA,NA,NA,trait_tooth_molar_lower_right,NA,,jsm,403
2020,5,25,Monday,NA,NA,NA,NA,trait_tooth_molar_lower_left,NA,,jsm,403
2020,6,15,Monday,NA,NA,NA,NA,trait_tooth_canine_lower_right,NA,,jsm,424
2020,6,15,Monday,NA,NA,NA,NA,trait_tooth_canine_lower_left,NA,,jsm,424
2020,6,20,Saturday,NA,NA,NA,NA,trait_tooth_molar_upper_right,NA,,kch,429
2020,6,25,Thursday,NA,NA,NA,NA,trait_tooth_molar_upper_left,NA,,kch,434
2020,7,31,Friday,NA,NA,NA,NA,trait_mass,11.57,kg,hottinger,470
2020,8,10,Monday,NA,NA,NA,NA,trait_mass,11.82,kg,rainbow,480
2020,8,10,Monday,NA,NA,NA,NA,trait_length,83.82,cm,rainbow,480
2020,8,11,Tuesday,NA,NA,NA,NA,stop_home_covid19,NA,,jsm,481
2020,8,24,,9,45,NA,NA,wet,NA,,ap,494
2020,8,24,,11,54,NA,NA,wet,NA,,ap,494
2020,8,24,,13,35,NA,NA,wet,NA,,ap,494
2020,8,24,,13,57,NA,NA,bowel,NA,,ap,494
2020,8,24,,15,10,NA,NA,wet,NA,,ap,494
2020,8,24,,8,15,NA,NA,bottle,0,oz,ap,494
2020,8,24,,10,35,NA,NA,water,1,oz,ap,494
2020,8,24,,10,45,11,49,nap,NA,,ap,494
2020,8,26,,7,45,NA,NA,dry,NA,,am,496
2020,8,26,,8,40,NA,NA,bowel,NA,,ap,496
2020,8,26,,11,45,NA,NA,dry,NA,,am,496
2020,8,26,,13,30,NA,NA,wet,NA,,kc,496
2020,8,26,,15,30,NA,NA,wet,NA,,kc,496
2020,8,26,,11,20,NA,NA,bottle,3,oz,am,496
2020,8,26,,14,0,NA,NA,water,NA,,ap,496
2020,8,26,,8,0,NA,NA,water,NA,,ap,496
2020,8,26,,11,50,13,30,nap,NA,,kc,496
2020,8,27,,8,5,NA,NA,wet,NA,,ap,497
2020,8,27,,10,30,NA,NA,wet,NA,,am,497
2020,8,27,,13,40,NA,NA,wet,NA,,kc,497
2020,8,27,,15,5,NA,NA,wet,NA,,kc,497
2020,8,27,,11,50,13,40,nap,NA,,am,497
2020,9,1,,8,10,NA,NA,dry,NA,,ap,502
2020,9,1,,10,30,NA,NA,bowel,NA,,am,502
2020,9,1,,13,40,NA,NA,dry,NA,,am,502
2020,9,1,,15,30,NA,NA,bowel,NA,,am,502
2020,9,1,,11,45,13,40,nap,NA,,am,502
2020,9,2,,8,30,NA,NA,bowel,NA,,aym,503
2020,9,2,,10,30,NA,NA,wet,NA,,kc,503
2020,9,2,,13,30,NA,NA,wet,NA,,am,503
2020,9,2,,14,40,NA,NA,bowel,NA,,kc,503
2020,9,2,,11,30,12,15,nap,NA,,kc,503
2020,9,28,,7,45,NA,NA,bowel,NA,,kc,529
2020,9,28,,10,30,NA,NA,wet,NA,,am,529
2020,9,28,,13,30,NA,NA,wet,NA,,am,529
2020,9,29,,8,0,NA,NA,wet,NA,,am,530
2020,9,29,,9,45,NA,NA,bowel,NA,,am,530
2020,9,29,,10,30,NA,NA,dry,NA,,am,530
2020,9,29,,13,38,NA,NA,wet,NA,,am,530
2020,9,29,,11,0,13,30,nap,NA,,am,530
2020,9,30,,8,0,NA,NA,bowel,NA,,ap,531
2020,9,30,,10,30,NA,NA,wet,NA,,am,531
2020,9,30,,13,45,NA,NA,wet,NA,,am,531
2020,9,30,,14,30,NA,NA,bowel,NA,,am,531
2020,9,30,,11,30,13,40,nap,NA,,am,531
2020,10,1,,8,0,NA,NA,bowel,NA,,am,532
2020,10,1,,10,30,NA,NA,wet,NA,,am,532
2020,10,1,,13,30,NA,NA,wet,NA,,kc,532
2020,10,1,,11,30,13,30,nap,NA,,am,532
2020,10,2,,8,15,NA,NA,bowel,NA,,kc,533
2020,10,2,,10,15,NA,NA,dry,NA,,ap,533
2020,10,2,,11,48,NA,NA,wet,NA,,ap,533
2020,10,2,,13,40,NA,NA,wet,NA,,ap,533
2020,10,2,,15,2,NA,NA,wet,NA,,ap,533
2020,10,2,,10,57,11,46,nap,NA,,ap,533
2020,10,5,,8,0,NA,NA,wet,NA,,ap,536
2020,10,5,,10,30,NA,NA,wet,NA,,kc,536
2020,10,5,,13,35,NA,NA,wet,NA,,kc,536
2020,10,5,,11,30,13,30,nap,NA,,kc,536
2020,10,6,,8,15,NA,NA,wet,NA,,am,537
2020,10,6,,10,5,NA,NA,wet,NA,,melody,537
2020,10,6,,13,10,NA,NA,wet,NA,,melody,537
2020,10,6,,11,30,13,0,nap,NA,,melody,537
2020,10,7,,7,45,NA,NA,bowel,NA,,am,538
2020,10,7,,10,20,NA,NA,wet,NA,,ap,538
2020,10,7,,13,25,NA,NA,wet,NA,,ap,538
2020,10,7,,14,45,NA,NA,wet,NA,,am,538
2020,10,7,,11,15,13,20,nap,NA,,ap,538
2020,10,8,,8,15,NA,NA,wet,NA,,ap,539
2020,10,8,,10,30,NA,NA,wet,NA,,am,539
2020,10,8,,13,30,NA,NA,wet,NA,,am,539
2020,10,8,,14,25,NA,NA,bowel,NA,,am,539
2020,10,8,,11,30,13,30,nap,NA,,am,539
2020,11,7,Saturday,NA,NA,NA,NA,skill_sentence,NA,"cars go zoom" cah zoom,jsm,569
2020,11,18,Wednesday,NA,NA,NA,NA,start_home_covid19,NA,,jsm,580
2020,12,7,Monday,NA,NA,NA,NA,skill_self_reference,NA,"our car zoom beren" ah cah zoom beh,jsm,599
2020,12,14,Monday,NA,NA,NA,NA,skill_count,NA,to four; counted two blocks when I tried to trick him,jsm,606
2021,1,19,Tuesday,8,44,NA,NA,dry,NA,,aym,642
2021,1,19,Tuesday,10,31,NA,NA,wet,NA,,aym,642
2021,1,19,Tuesday,14,26,NA,NA,wet,NA,,mb,642
2021,1,19,Tuesday,12,8,14,0,nap,NA,,aym,642
2021,1,20,Wednesday,9,0,NA,NA,wet,NA,,aym,643
2021,1,20,Wednesday,10,30,NA,NA,bowel,NA,,aym,643
2021,1,20,Wednesday,13,57,NA,NA,wet,NA,,aym,643
2021,1,20,Wednesday,12,0,13,0,nap,NA,,aym,643
2021,1,21,Thursday,9,0,NA,NA,wet,NA,,ap,644
2021,1,21,Thursday,10,30,NA,NA,wet,NA,,aym,644
2021,1,21,Thursday,13,30,NA,NA,wet,NA,,aym,644
2021,1,21,Thursday,11,48,13,0,nap,NA,,aym,644
2021,1,22,Thursday,8,39,NA,NA,wet,NA,,ap,645
2021,1,22,Thursday,10,39,NA,NA,wet,NA,,kc,645
2021,1,22,Thursday,13,45,NA,NA,wet,NA,,kc,645
2021,1,22,Thursday,11,30,13,45,nap,NA,,kc,645
2021,1,25,,8,30,NA,NA,wet,NA,,ap,648
2021,1,25,,10,45,NA,NA,wet,NA,,jd,648
2021,1,25,,14,0,NA,NA,wet,NA,,jd,648
2021,1,25,,14,55,NA,NA,dry,NA,,mb,648
2021,1,25,,11,30,13,0,nap,NA,,mb,648
2021,1,27,Tuesday,8,0,NA,NA,wet,NA,,aym,650
2021,1,27,Tuesday,10,30,NA,NA,bowel,NA,,aym,650
2021,1,27,Tuesday,13,45,NA,NA,wet,NA,,aym,650
2021,1,27,Tuesday,11,30,13,45,nap,NA,,aym,650
2021,1,28,Wednesday,9,0,NA,NA,dry,NA,,aym,651
2021,1,28,Wednesday,10,39,NA,NA,wet,NA,,aym,651
2021,1,28,Wednesday,13,50,NA,NA,wet,NA,,aym,651
2021,1,28,Wednesday,11,40,13,50,nap,NA,,aym,651
2021,1,29,,8,0,NA,NA,wet,NA,,jd,652
2021,1,29,,9,35,NA,NA,bowel,NA,,aym,652
2021,1,29,,10,29,NA,NA,bowel,NA,,aym,652
2021,1,29,,13,5,NA,NA,wet,NA,,aym,652
2021,1,29,,11,30,13,0,nap,NA,,aym,652
