,year,month,day,dotw,start_hour,start_minute,end_hour,end_minute,event,value,units,caregiver
1,2019,4,18,Thursday,11,53,NA,NA,birth,,,kch
2,2019,10,18,Friday,7,50,NA,NA,wet,,,ap
3,2019,10,18,Friday,10,0,NA,NA,wet,,,ap
4,2019,10,18,Friday,12,20,NA,NA,wet,,,ap
5,2019,10,18,Friday,14,25,NA,NA,wet,,,ap
6,2019,10,18,Friday,8,20,NA,NA,bottle,1.5,oz,ap
7,2019,10,18,Friday,10,40,NA,NA,bottle,2.5,oz,ap
8,2019,10,18,Friday,12,30,NA,NA,bottle,2,oz,ap
9,2019,10,18,Friday,14,53,NA,NA,bottle,2,oz,ap
10,2019,10,18,Friday,9,10,9,58,nap,,,ap
11,2019,10,18,Friday,13,1,13,30,nap,,,ap
12,2019,10,17,Thursday,7,50,NA,NA,wet,,,ap
13,2019,10,17,Thursday,8,30,NA,NA,caregiver_change,,,ap_vona
14,2019,10,17,Thursday,9,55,NA,NA,wet,,,vona
15,2019,10,17,Thursday,11,53,NA,NA,wet,,,vona
16,2019,10,17,Thursday,13,41,NA,NA,bowel,,,vona
17,2019,10,17,Thursday,15,15,NA,NA,wet,,,vona
18,2019,10,17,Thursday,9,21,9,52,nap,,,vona
19,2019,10,17,Thursday,14,12,14,45,nap,,,vona
20,2019,10,17,Thursday,9,8,NA,NA,bottle,3,oz,vona
21,2019,10,17,Thursday,11,5,NA,NA,bottle,2,oz,vona
22,2019,10,17,Thursday,12,10,NA,NA,bottle,2,oz,vona
23,2019,10,17,Thursday,14,0,NA,NA,bottle,2,oz,vona
24,2019,10,16,Wednesday,7,10,NA,NA,dry,,,ap
25,2019,10,16,Wednesday,8,5,NA,NA,wet,,,ap
26,2019,10,16,Wednesday,10,0,NA,NA,wet,,,ap
27,2019,10,16,Wednesday,11,35,NA,NA,bowel,,,ap
28,2019,10,16,Wednesday,13,15,NA,NA,wet,,,ap
29,2019,10,16,Wednesday,8,0,NA,NA,bottle,2,oz,ap
30,2019,10,16,Wednesday,10,40,NA,NA,bottle,3.5,oz,ap
31,2019,10,16,Wednesday,13,20,NA,NA,bottle,3,oz,ap
32,2019,10,16,Wednesday,9,5,9,45,nap,,,ap
33,2019,10,16,Wednesday,13,30,14,10,nap,,,ap
34,2019,10,15,Tuesday,6,50,NA,NA,dry,,,ap
35,2019,10,15,Tuesday,7,50,NA,NA,wet,,,ap
36,2019,10,15,Tuesday,10,5,NA,NA,wet,,,ap
37,2019,10,15,Tuesday,12,20,NA,NA,bowel,,,ap
38,2019,10,15,Tuesday,14,10,NA,NA,wet,,,ap
39,2019,10,15,Tuesday,8,0,NA,NA,bottle,2,oz,ap
40,2019,10,15,Tuesday,10,35,NA,NA,bottle,2,oz,ap
41,2019,10,15,Tuesday,12,45,NA,NA,bottle,1.5,oz,ap
42,2019,10,15,Tuesday,14,15,NA,NA,bottle,1.5,oz,ap
43,2019,10,15,Tuesday,9,30,10,0,nap,,,ap
44,2019,10,15,Tuesday,11,35,12,15,nap,,,ap
45,2019,9,27,Friday,7,0,NA,NA,wet,,,vona
46,2019,9,27,Friday,7,52,NA,NA,bowel,,,vona
47,2019,9,27,Friday,10,15,NA,NA,dry,,,ij
48,2019,9,27,Friday,11,17,NA,NA,bowel,,,ij
49,2019,9,27,Friday,13,50,NA,NA,bowel,,,kc
50,2019,9,27,Friday,13,45,NA,NA,caregiver_change,,,ij_kc
51,2019,9,27,Friday,8,20,NA,NA,bottle,2,oz,vona
52,2019,9,27,Friday,11,15,NA,NA,bottle,2,oz,ij
53,2019,9,27,Friday,10,20,NA,NA,nap,,,ij
54,2019,10,10,Thursday,7,55,NA,NA,wet,,,ap
55,2019,10,10,Thursday,9,45,NA,NA,wet,,,ap
56,2019,10,10,Thursday,12,10,NA,NA,wet,,,ap
57,2019,10,10,Thursday,8,25,NA,NA,bottle,2,oz,ap
58,2019,10,10,Thursday,11,20,NA,NA,bottle,1,oz,ap
59,2019,10,10,Thursday,13,10,NA,NA,bottle,3,oz,ap
60,2019,10,10,Thursday,9,18,9,40,nap,,,ap
61,2019,10,10,Thursday,13,20,NA,NA,nap,,,ap
62,2019,10,7,Monday,NA,NA,NA,NA,intro_highflow_nipples,,,jsmkch
63,2019,10,14,Monday,NA,NA,NA,NA,intro_sleeping_thru_night,,,jsmkch
64,2019,8,22,Thursday,10,30,NA,NA,wet,,,jr
65,2019,8,22,Thursday,12,20,NA,NA,dry,,,jr
66,2019,8,22,Thursday,13,30,NA,NA,bowel,,,jr
67,2019,8,22,Thursday,11,0,NA,NA,caregiver_change,,,vona_jr
68,2019,8,22,Thursday,10,45,NA,NA,bottle,2,oz,jr
69,2019,8,22,Thursday,13,40,NA,NA,bottle,2,oz,jr
70,2019,8,22,Thursday,12,30,13,30,nap,,,jr
71,2019,10,9,Wednesday,8,4,NA,NA,wet,,,ij
72,2019,10,9,Wednesday,10,58,NA,NA,wet,,,kc
73,2019,10,9,Wednesday,12,45,NA,NA,bowel,,,ij
74,2019,10,9,Wednesday,14,30,NA,NA,dry,,,ij
75,2019,10,9,Wednesday,15,0,NA,NA,bowel,,,ij
76,2019,10,9,Wednesday,8,30,NA,NA,bottle,1,oz,ij
77,2019,10,9,Wednesday,11,12,NA,NA,bottle,1,oz,ij
78,2019,10,9,Wednesday,13,0,NA,NA,bottle,2,oz,ij
79,2019,10,9,Wednesday,9,20,10,55,nap,,,ij
80,2019,10,9,Wednesday,13,15,NA,NA,nap,,,ij
81,2019,10,8,Tuesday,7,45,NA,NA,wet,,,ap
82,2019,10,8,Tuesday,10,5,NA,NA,wet,,,ap
83,2019,10,8,Tuesday,11,50,NA,NA,wet,,,ap
84,2019,10,8,Tuesday,13,40,NA,NA,wet,,,ap
85,2019,10,8,Tuesday,7,40,NA,NA,bottle,1,oz,ap
86,2019,10,8,Tuesday,9,20,NA,NA,bottle,1,oz,ap
87,2019,10,8,Tuesday,11,55,NA,NA,bottle,1,oz,ap
88,2019,10,8,Tuesday,13,0,NA,NA,bottle,1,oz,ap
89,2019,10,8,Tuesday,9,23,10,0,nap,,,ap
90,2019,10,8,Tuesday,12,15,12,40,nap,,,ap
91,2019,10,8,Tuesday,14,45,15,10,nap,,,ap
92,2019,9,25,Wednesday,10,30,NA,NA,caregiver_change,,,vona_ap
93,2019,9,25,Wednesday,7,5,NA,NA,wet,,,vona
94,2019,9,25,Wednesday,9,30,NA,NA,wet,,,vona
95,2019,9,25,Wednesday,11,15,NA,NA,wet,,,ap
96,2019,9,25,Wednesday,8,20,NA,NA,bottle,2,oz,vona
97,2019,9,25,Wednesday,9,45,NA,NA,bottle,2.5,oz,vona
98,2019,9,25,Wednesday,8,40,9,30,nap,,,vona
99,2019,9,25,Wednesday,11,25,NA,NA,nap,,,ap
100,2019,10,7,Monday,8,20,NA,NA,caregiver_change,,,kc_vona
101,2019,10,7,Monday,6,50,NA,NA,dry,,,kc
102,2019,10,7,Monday,8,20,NA,NA,wet,,,kc
103,2019,10,7,Monday,10,25,NA,NA,wet,,,vona
104,2019,10,7,Monday,12,35,NA,NA,wet,,,vona
105,2019,10,7,Monday,14,32,NA,NA,bowel,,,vona
106,2019,10,7,Monday,8,0,NA,NA,bottle,2,oz,kc
107,2019,10,7,Monday,11,0,NA,NA,bottle,3,oz,vona
108,2019,10,7,Monday,14,0,NA,NA,bottle,3,oz,vona
109,2019,10,7,Monday,9,10,9,43,nap,,,vona
110,2019,10,7,Monday,12,28,13,22,nap,,,vona
111,2019,10,3,Thursday,6,45,NA,NA,dry,,,ap
112,2019,10,3,Thursday,8,10,NA,NA,wet,,,ap
113,2019,10,3,Thursday,10,30,NA,NA,wet,,,ap
114,2019,10,3,Thursday,11,20,NA,NA,bowel,,,ap
115,2019,10,3,Thursday,13,0,NA,NA,wet,,,ap
116,2019,10,3,Thursday,8,0,NA,NA,bottle,1,oz,ap
117,2019,10,3,Thursday,11,0,NA,NA,bottle,2,oz,ap
118,2019,10,3,Thursday,12,40,NA,NA,bottle,2.5,oz,ap
119,2019,10,3,Thursday,13,30,NA,NA,bottle,2,oz,ap
120,2019,10,3,Thursday,13,45,NA,NA,bowel,,,ap
121,2019,10,3,Thursday,14,20,NA,NA,bowel,,,ap
122,2019,10,3,Thursday,9,10,10,25,nap,,,ap
123,2019,10,3,Thursday,14,27,NA,NA,nap,,,ap
124,2019,10,1,Tuesday,7,55,NA,NA,wet,,,ij
125,2019,10,1,Tuesday,10,5,NA,NA,wet,,,ij
126,2019,10,1,Tuesday,12,37,NA,NA,bowel,,,ij
127,2019,10,1,Tuesday,14,40,NA,NA,diaper,,,kc
128,2019,10,1,Tuesday,14,3,NA,NA,bottle,2,oz,kc
129,2019,10,1,Tuesday,14,3,NA,NA,caregiver_change,,,ij_kc
130,2019,9,24,Tuesday,7,20,NA,NA,dry,,,ap
131,2019,9,24,Tuesday,7,45,NA,NA,wet,,,ap
132,2019,9,24,Tuesday,8,35,NA,NA,bowel,,,ap
133,2019,9,24,Tuesday,10,15,NA,NA,bowel,,,ap
134,2019,9,24,Tuesday,11,55,NA,NA,wet,,,ap
135,2019,9,24,Tuesday,13,40,NA,NA,wet,,,ap
136,2019,9,24,Tuesday,8,25,NA,NA,bottle,2,oz,ap
137,2019,9,24,Tuesday,10,20,NA,NA,bottle,2,oz,ap
138,2019,9,24,Tuesday,12,25,NA,NA,bottle,2,oz,ap
139,2019,9,24,Tuesday,10,35,11,20,nap,,,ap
140,2019,9,24,Tuesday,14,21,15,3,nap,,,ap
141,2019,10,2,Wednesday,12,50,NA,NA,tylenol,3.75,mL,ij
142,2019,10,2,Wednesday,14,20,NA,NA,caregiver_change,,,ij_kc
143,2019,10,2,Wednesday,7,17,NA,NA,wet,,,ij
144,2019,10,2,Wednesday,8,30,NA,NA,bowel,,,ij
145,2019,10,2,Wednesday,11,7,NA,NA,bowel,,,ij
146,2019,10,2,Wednesday,12,0,NA,NA,bowel,,,ij
147,2019,10,2,Wednesday,14,10,NA,NA,wet,,,ij
148,2019,10,2,Wednesday,15,10,NA,NA,wet,,,kc
149,2019,10,2,Wednesday,8,10,NA,NA,bottle,1,oz,ij
150,2019,10,2,Wednesday,10,15,NA,NA,bottle,2,oz,ij
151,2019,10,2,Wednesday,12,40,NA,NA,bottle,1,oz,ij
152,2019,10,2,Wednesday,14,44,NA,NA,bottle,2,oz,ij
153,2019,10,2,Wednesday,8,57,10,14,nap,,,ij
154,2019,10,2,Wednesday,13,23,14,0,nap,,,ij
155,2019,9,30,Monday,7,5,NA,NA,wet,,,vona
156,2019,9,30,Monday,9,2,NA,NA,wet,,,vona
157,2019,9,30,Monday,10,35,NA,NA,bowel,,,vona
158,2019,9,30,Monday,12,38,NA,NA,wet,,,vona
159,2019,9,30,Monday,9,10,NA,NA,bottle,1.5,oz,vona
160,2019,9,30,Monday,11,30,NA,NA,bottle,2,oz,vona
161,2019,9,30,Monday,9,36,10,10,nap,,,vona
162,2019,9,30,Monday,13,11,NA,NA,nap,,,vona
163,2019,9,30,Monday,6,35,NA,NA,arrive,,,NA
164,2019,9,30,Monday,13,5,NA,NA,temperature,101.4,degreesF,vona
165,2019,10,4,Friday,7,15,NA,NA,wet,,,vona
166,2019,10,4,Friday,9,15,NA,NA,wet,,,vona
167,2019,10,4,Friday,10,22,NA,NA,bowel,,,vona
168,2019,10,4,Friday,12,34,NA,NA,wet,,,vona
169,2019,10,4,Friday,13,6,NA,NA,bowel,,,vona
170,2019,10,4,Friday,9,17,NA,NA,bottle,1,oz,vona
171,2019,10,4,Friday,10,48,NA,NA,bottle,2,oz,vona
172,2019,10,4,Friday,13,16,NA,NA,bottle,1.5,oz,vona
173,2019,10,4,Friday,7,52,9,10,nap,,,vona
174,2019,10,4,Friday,14,9,15,20,nap,,,vona
175,2019,10,4,Friday,6,43,NA,NA,arrive,,,NA
176,2019,9,23,Monday,7,10,NA,NA,wet,,,vona
177,2019,9,23,Monday,8,4,NA,NA,bowel,,,vona
178,2019,9,23,Monday,10,5,NA,NA,wet,,,vona
179,2019,9,23,Monday,11,50,NA,NA,wet,,,vona
180,2019,9,23,Monday,13,27,NA,NA,wet,,,vona
181,2019,9,23,Monday,15,20,NA,NA,wet,,,vona
182,2019,9,23,Monday,9,15,NA,NA,bottle,2,oz,vona
183,2019,9,23,Monday,11,15,NA,NA,bottle,4.5,oz,vona
184,2019,9,23,Monday,13,15,NA,NA,bottle,2,oz,vona
185,2019,9,23,Monday,11,17,11,32,nap,,,vona
186,2019,9,23,Monday,6,45,NA,NA,arrive,,,NA
187,2019,9,20,Friday,7,15,NA,NA,wet,,,vona
188,2019,9,20,Friday,9,0,NA,NA,wet,,,vona
189,2019,9,20,Friday,11,0,NA,NA,wet,,,vona
190,2019,9,20,Friday,13,0,NA,NA,wet,,,vona
191,2019,9,20,Friday,14,17,NA,NA,wet,,,vona
192,2019,9,20,Friday,14,47,NA,NA,bowel,,,vona
193,2019,9,20,Friday,8,30,NA,NA,bottle,2.5,oz,vona
194,2019,9,20,Friday,11,30,NA,NA,bottle,1,oz,vona
195,2019,9,20,Friday,13,0,NA,NA,bottle,2,oz,vona
196,2019,9,20,Friday,15,0,NA,NA,bottle,2,oz,vona
197,2019,9,20,Friday,9,40,10,23,nap,,,vona
198,2019,9,20,Friday,13,21,14,14,nap,,,vona
199,2019,9,20,Friday,6,45,NA,NA,arrive,,,NA
200,2019,9,18,Wednesday,7,30,NA,NA,wet,,,ap
201,2019,9,18,Wednesday,9,24,NA,NA,bowel,,,ap
202,2019,9,18,Wednesday,11,10,NA,NA,wet,,,ap
203,2019,9,18,Wednesday,13,0,NA,NA,wet,,,ap
204,2019,9,18,Wednesday,13,10,NA,NA,bowel,,,ap
205,2019,9,18,Wednesday,15,0,NA,NA,dry,,,ap
206,2019,9,18,Wednesday,8,20,NA,NA,bottle,2,oz,ap
207,2019,9,18,Wednesday,10,30,NA,NA,bottle,1,oz,ap
208,2019,9,18,Wednesday,12,30,NA,NA,bottle,3,oz,ap
209,2019,9,18,Wednesday,14,30,NA,NA,bottle,1.5,oz,ap
210,2019,9,18,Wednesday,10,40,11,2,nap,,,ap
211,2019,9,18,Wednesday,14,35,14,45,nap,,,ap
212,2019,8,27,Tuesday,8,0,NA,NA,wet,,,jr
213,2019,8,27,Tuesday,10,0,NA,NA,bowel,,,jr
214,2019,8,27,Tuesday,10,35,NA,NA,bowel,,,jr
215,2019,8,27,Tuesday,12,40,NA,NA,wet,,,jr
216,2019,8,27,Tuesday,13,45,NA,NA,bowel,,,jr
217,2019,8,27,Tuesday,8,15,NA,NA,bottle,2,oz,jr
218,2019,8,27,Tuesday,9,0,NA,NA,bottle,3,oz,jr
219,2019,8,27,Tuesday,11,0,NA,NA,bottle,2,oz,jr
220,2019,8,27,Tuesday,13,5,NA,NA,bottle,1.5,oz,jr
221,2019,8,27,Tuesday,14,50,NA,NA,bottle,4,oz,jr
222,2019,8,27,Tuesday,11,10,12,40,nap,,,jr
223,2019,8,27,Tuesday,14,10,14,45,nap,,,jr
224,2019,8,26,Monday,7,10,NA,NA,wet,,,vona
225,2019,8,26,Monday,10,15,NA,NA,bowel,,,jr
226,2019,8,26,Monday,11,40,NA,NA,bowel,,,vona
227,2019,8,26,Monday,13,32,NA,NA,bowel,,,vona
228,2019,8,26,Monday,14,32,NA,NA,bowel,,,vona
229,2019,8,26,Monday,15,10,NA,NA,bowel,,,vona
230,2019,8,26,Monday,7,45,NA,NA,bottle,3,oz,vona
231,2019,8,26,Monday,10,48,NA,NA,bottle,2,oz,vona
232,2019,8,26,Monday,11,40,NA,NA,bottle,2,oz,vona
233,2019,8,26,Monday,14,13,NA,NA,bottle,5,oz,vona
234,2019,8,26,Monday,8,40,10,10,nap,,,vona
235,2019,8,26,Monday,12,45,13,20,nap,,,vona
236,2019,8,26,Monday,6,35,NA,NA,arrive,,,NA
237,2019,9,9,Monday,7,0,NA,NA,wet,,,vona
238,2019,9,9,Monday,8,21,NA,NA,bowel,,,vona
239,2019,9,9,Monday,10,25,NA,NA,wet,,,vona
240,2019,9,9,Monday,11,21,NA,NA,bowel,,,vona
241,2019,9,9,Monday,13,25,NA,NA,wet,,,vona
242,2019,9,9,Monday,15,15,NA,NA,wet,,,vona
243,2019,9,9,Monday,7,40,NA,NA,bottle,3,oz,vona
244,2019,9,9,Monday,10,48,NA,NA,bottle,3,oz,vona
245,2019,9,9,Monday,13,35,NA,NA,bottle,2,oz,vona
246,2019,9,9,Monday,8,46,9,43,nap,,,vona
247,2019,9,9,Monday,12,38,13,23,nap,,,vona
248,2019,9,9,Monday,6,43,NA,NA,arrive,,,NA
249,2019,8,30,Friday,6,45,NA,NA,arrive,,,NA
250,2019,8,30,Friday,7,10,NA,NA,wet,,,vona
251,2019,8,30,Friday,8,45,NA,NA,wet,,,vona
252,2019,8,30,Friday,9,9,NA,NA,bowel,,,vona
253,2019,8,30,Friday,11,35,NA,NA,wet,,,vona
254,2019,8,30,Friday,12,50,NA,NA,wet,,,vona
255,2019,8,30,Friday,14,16,NA,NA,bowel,,,vona
256,2019,8,30,Friday,15,20,NA,NA,wet,,,vona
257,2019,8,30,Friday,8,50,NA,NA,bottle,3,oz,vona
258,2019,8,30,Friday,12,55,NA,NA,bottle,3,oz,vona
259,2019,8,30,Friday,14,20,NA,NA,bottle,2,oz,vona
260,2019,8,30,Friday,15,0,NA,NA,bottle,2,oz,vona
261,2019,8,30,Friday,7,30,8,42,nap,,,vona
262,2019,8,30,Friday,10,21,11,34,nap,,,vona
263,2019,8,30,Friday,14,27,14,37,nap,,,vona
264,2019,9,11,Wednesday,7,0,NA,NA,arrive,,,NA
265,2019,9,11,Wednesday,7,10,NA,NA,wet,,,vona
266,2019,9,11,Wednesday,9,5,NA,NA,wet,,,vona
267,2019,9,11,Wednesday,9,37,NA,NA,bowel,,,vona
268,2019,9,11,Wednesday,11,0,NA,NA,bowel,,,vona
269,2019,9,11,Wednesday,13,0,NA,NA,wet,,,vona
270,2019,9,11,Wednesday,15,0,NA,NA,wet,,,vona
271,2019,9,11,Wednesday,8,45,NA,NA,bottle,3,oz,vona
272,2019,9,11,Wednesday,12,15,NA,NA,bottle,3,oz,vona
273,2019,9,11,Wednesday,12,40,NA,NA,bottle,2,oz,vona
274,2019,9,11,Wednesday,13,50,NA,NA,bottle,2,oz,vona
275,2019,9,11,Wednesday,9,49,10,36,nap,,,vona
276,2019,9,11,Wednesday,11,49,12,5,nap,,,vona
277,2019,9,11,Wednesday,14,16,14,45,nap,,,vona
278,2019,9,5,Thursday,6,40,NA,NA,arrive,,,NA
279,2019,9,5,Thursday,7,10,NA,NA,bowel,,,vona
280,2019,9,5,Thursday,9,20,NA,NA,wet,,,vona
281,2019,9,5,Thursday,11,15,NA,NA,wet,,,vona
282,2019,9,5,Thursday,12,42,NA,NA,bowel,,,vona
283,2019,9,5,Thursday,14,48,NA,NA,bowel,,,vona
284,2019,9,5,Thursday,9,20,NA,NA,bottle,3,oz,vona
285,2019,9,5,Thursday,11,42,NA,NA,bottle,3,oz,vona
286,2019,9,5,Thursday,15,0,NA,NA,bottle,2,oz,vona
287,2019,9,5,Thursday,8,0,9,19,nap,,,vona
288,2019,9,5,Thursday,12,15,12,33,nap,,,vona
289,2019,9,5,Thursday,12,55,14,17,nap,,,vona
290,2019,9,16,Monday,7,10,NA,NA,arrive,,,NA
291,2019,9,16,Monday,7,20,NA,NA,dry,,,vona
292,2019,9,16,Monday,7,55,NA,NA,wet,,,vona
293,2019,9,16,Monday,8,52,NA,NA,bowel,,,vona
294,2019,9,16,Monday,11,0,NA,NA,wet,,,vona
295,2019,9,16,Monday,12,58,NA,NA,wet,,,vona
296,2019,9,16,Monday,15,0,NA,NA,wet,,,vona
297,2019,9,16,Monday,9,35,NA,NA,bottle,2,oz,vona
298,2019,9,16,Monday,10,55,NA,NA,bottle,2,oz,vona
299,2019,9,16,Monday,13,0,NA,NA,bottle,2.5,oz,vona
300,2019,9,16,Monday,15,0,NA,NA,bottle,3,oz,vona
301,2019,9,16,Monday,12,15,12,53,nap,,,vona
302,2019,8,23,Friday,6,48,NA,NA,arrive,,,NA
303,2019,8,23,Friday,7,19,NA,NA,wet,,,vona
304,2019,8,23,Friday,9,40,NA,NA,wet,,,vona
305,2019,8,23,Friday,11,15,NA,NA,wet,,,vona
306,2019,8,23,Friday,13,0,NA,NA,wet,,,vona
307,2019,8,23,Friday,8,38,NA,NA,bottle,3.5,oz,vona
308,2019,8,23,Friday,10,30,NA,NA,bottle,2,oz,vona
309,2019,8,23,Friday,12,45,NA,NA,bottle,3,oz,vona
310,2019,8,23,Friday,8,55,9,36,nap,,,vona
311,2019,8,23,Friday,11,52,12,46,nap,,,vona
312,2019,9,13,Friday,6,37,NA,NA,arrive,,,NA
313,2019,9,13,Friday,6,55,NA,NA,wet,,,vona
314,2019,9,13,Friday,9,20,NA,NA,wet,,,vona
315,2019,9,13,Friday,11,0,NA,NA,bowel,,,vona
316,2019,9,13,Friday,12,47,NA,NA,bowel,,,vona
317,2019,9,13,Friday,14,17,NA,NA,bowel,,,vona
318,2019,9,13,Friday,15,46,NA,NA,bowel,,,vona
319,2019,9,13,Friday,8,10,NA,NA,bottle,2,oz,vona
320,2019,9,13,Friday,11,0,NA,NA,bottle,2.5,oz,vona
321,2019,9,13,Friday,13,0,NA,NA,bottle,2,oz,vona
322,2019,9,13,Friday,13,10,NA,NA,bottle,2,oz,vona
323,2019,9,13,Friday,8,22,9,17,nap,,,vona
324,2019,9,13,Friday,11,45,12,15,nap,,,vona
325,2019,9,12,Thursday,6,40,NA,NA,arrive,,,NA
326,2019,9,12,Thursday,6,50,NA,NA,bowel,,,vona
327,2019,9,12,Thursday,8,45,NA,NA,wet,,,vona
328,2019,9,12,Thursday,10,45,NA,NA,wet,,,vona
329,2019,9,12,Thursday,13,12,NA,NA,wet,,,vona
330,2019,9,12,Thursday,13,38,NA,NA,bowel,,,vona
331,2019,9,12,Thursday,14,18,NA,NA,bowel,,,vona
332,2019,9,12,Thursday,15,15,NA,NA,wet,,,vona
333,2019,9,12,Thursday,8,50,NA,NA,bottle,3.5,oz,vona
334,2019,9,12,Thursday,12,0,NA,NA,bottle,1,oz,vona
335,2019,9,12,Thursday,13,15,NA,NA,bottle,2.5,oz,vona
336,2019,9,12,Thursday,9,8,9,46,nap,,,vona
337,2019,9,12,Thursday,12,7,13,5,nap,,,vona
338,2019,9,4,Wednesday,6,55,NA,NA,arrive,,,NA
339,2019,9,4,Wednesday,7,0,NA,NA,wet,,,vona
340,2019,9,4,Wednesday,7,52,NA,NA,bowel,,,vona
341,2019,9,4,Wednesday,9,45,NA,NA,wet,,,vona
342,2019,9,4,Wednesday,10,35,NA,NA,bowel,,,vona
343,2019,9,4,Wednesday,13,0,NA,NA,wet,,,vona
344,2019,9,4,Wednesday,13,35,NA,NA,bowel,,,vona
345,2019,9,4,Wednesday,14,55,NA,NA,bowel,,,vona
346,2019,9,4,Wednesday,9,33,NA,NA,bottle,3.5,oz,vona
347,2019,9,4,Wednesday,13,0,NA,NA,bottle,3,oz,vona
348,2019,9,4,Wednesday,8,4,9,19,nap,,,vona
349,2019,9,4,Wednesday,11,7,12,56,nap,,,vona
350,2019,9,10,Tuesday,6,45,NA,NA,dry,,,ap
351,2019,9,10,Tuesday,8,10,NA,NA,wet,,,ap
352,2019,9,10,Tuesday,9,45,NA,NA,wet,,,ap
353,2019,9,10,Tuesday,11,15,NA,NA,bowel,,,ap
354,2019,9,10,Tuesday,12,45,NA,NA,bowel,,,ap
355,2019,9,10,Tuesday,14,15,NA,NA,bowel,,,ap
356,2019,9,10,Tuesday,8,0,NA,NA,bottle,2,oz,ap
357,2019,9,10,Tuesday,10,30,NA,NA,bottle,3,oz,ap
358,2019,9,10,Tuesday,13,15,NA,NA,bottle,3.5,oz,ap
359,2019,9,10,Tuesday,9,0,9,40,nap,,,ap
360,2019,9,10,Tuesday,12,0,12,35,nap,,,ap
361,2019,9,6,Friday,6,40,NA,NA,arrive,,,NA
362,2019,9,6,Friday,7,5,NA,NA,wet,,,vona
363,2019,9,6,Friday,9,35,NA,NA,wet,,,vona
364,2019,9,6,Friday,9,59,NA,NA,bowel,,,vona
365,2019,9,6,Friday,11,25,NA,NA,bowel,,,ap
366,2019,9,6,Friday,12,57,NA,NA,bowel,,,vona
367,2019,9,6,Friday,15,0,NA,NA,wet,,,vona
368,2019,9,6,Friday,8,5,NA,NA,bottle,2,oz,vona
369,2019,9,6,Friday,12,30,NA,NA,bottle,3,oz,vona
370,2019,9,6,Friday,15,0,NA,NA,bottle,2.5,oz,vona
371,2019,9,6,Friday,8,48,9,32,nap,,,vona
372,2019,9,6,Friday,11,34,12,10,nap,,,vona
373,2019,9,6,Friday,14,10,14,40,nap,,,vona
374,2019,9,29,Sunday,NA,NA,NA,NA,intro_grass,,,jsmkch
375,2019,9,22,Sunday,NA,NA,NA,NA,skill_crawl_army,,,jsmkch
376,2019,8,19,Monday,NA,NA,NA,NA,trait_mass,7.82,kg,rainbow
377,2019,6,24,Monday,NA,NA,NA,NA,trait_mass,6.69,kg,rainbow
378,2019,5,20,Monday,NA,NA,NA,NA,trait_mass,5.53,kg,rainbow
379,2019,4,30,Tuesday,NA,NA,NA,NA,trait_mass,4.74,kg,rainbow
380,2019,4,26,Friday,NA,NA,NA,NA,trait_mass,4.39,kg,rainbow
381,2019,4,22,Monday,NA,NA,NA,NA,trait_mass,4.11,kg,rainbow
382,2019,4,20,Saturday,NA,NA,NA,NA,trait_mass,4.14,kg,rainbow
383,2019,4,18,Thursday,NA,NA,NA,NA,trait_mass,4.39,kg,rainbow
384,2019,8,19,Monday,NA,NA,NA,NA,trait_length,68.6,cm,rainbow
385,2019,6,24,Monday,NA,NA,NA,NA,trait_length,65.4,cm,rainbow
386,2019,5,20,Monday,NA,NA,NA,NA,trait_length,61.6,cm,rainbow
387,2019,4,30,Tuesday,NA,NA,NA,NA,trait_length,56.5,cm,rainbow
388,2019,4,26,Friday,NA,NA,NA,NA,trait_length,56.1,cm,rainbow
389,2019,4,22,Monday,NA,NA,NA,NA,trait_length,54.6,cm,rainbow
390,2019,8,19,Monday,NA,NA,NA,NA,trait_head_circum,42.5,cm,rainbow
391,2019,6,24,Monday,NA,NA,NA,NA,trait_head_circum,40.6,cm,rainbow
392,2019,5,20,Monday,NA,NA,NA,NA,trait_head_circum,38.7,cm,rainbow
393,2019,4,22,Monday,NA,NA,NA,NA,trait_head_circum,33,cm,rainbow
394,2019,10,14,Monday,NA,NA,NA,NA,skill_situp_partial,,,jsmkch
395,2019,10,1,Tuesday,NA,NA,NA,NA,intro_solidfood_regularly,,,jsmkch
396,2019,9,2,Monday,NA,NA,NA,NA,intro_solidfood,,,jsmkch
397,2019,9,30,Monday,NA,NA,NA,NA,trait_mass,8.56,kg,rainbow
398,2019,9,30,Monday,NA,NA,NA,NA,temperature,102.1,degreesF,rainbow
399,2019,9,25,Wednesday,NA,NA,NA,NA,trait_mass,8.48,kg,rainbow
400,2019,9,25,Wednesday,14,20,NA,NA,temperature,99.3,degreesF,rainbow
401,2019,9,25,Wednesday,15,30,NA,NA,temperature,98.2,degreesF,rainbow
402,2019,9,26,Thursday,18,NA,NA,NA,amoxicilin,5,ml,jsmkch
403,2019,9,27,Friday,6,NA,NA,NA,amoxicilin,5,ml,jsmkch
404,2019,9,27,Friday,18,NA,NA,NA,amoxicilin,5,ml,jsmkch
405,2019,9,28,Saturday,6,NA,NA,NA,amoxicilin,5,ml,jsmkch
406,2019,9,29,Sunday,6,NA,NA,NA,amoxicilin,5,ml,jsmkch
407,2019,9,29,Sunday,18,NA,NA,NA,amoxicilin,5,ml,jsmkch
408,2019,9,30,Monday,6,NA,NA,NA,amoxicilin,5,ml,jsmkch
409,2019,9,30,Monday,18,NA,NA,NA,amoxicilin,5,ml,jsmkch
410,2019,10,1,Tuesday,6,NA,NA,NA,amoxicilin,5,ml,jsmkch
411,2019,10,1,Tuesday,18,NA,NA,NA,amoxicilin,5,ml,jsmkch
412,2019,10,2,Wednesday,6,NA,NA,NA,amoxicilin,5,ml,jsmkch
413,2019,10,2,Wednesday,18,NA,NA,NA,amoxicilin,5,ml,jsmkch
414,2019,10,3,Thursday,6,NA,NA,NA,amoxicilin,5,ml,jsmkch
415,2019,10,3,Thursday,18,NA,NA,NA,amoxicilin,5,ml,jsmkch
416,2019,10,4,Friday,6,NA,NA,NA,amoxicilin,5,ml,jsmkch
417,2019,10,4,Friday,18,NA,NA,NA,amoxicilin,5,ml,jsmkch
418,2019,10,5,Saturday,6,NA,NA,NA,amoxicilin,5,ml,jsmkch
419,2019,10,5,Saturday,18,NA,NA,NA,amoxicilin,5,ml,jsmkch
420,2019,10,21,Monday,7,26,NA,NA,wet,,,kc
421,2019,10,21,Monday,9,15,NA,NA,wet,,,vona
422,2019,10,21,Monday,11,10,NA,NA,wet,,,vona
423,2019,10,21,Monday,13,33,NA,NA,wet,,,vona
424,2019,10,21,Monday,13,42,NA,NA,bowel,,,vona
425,2019,10,21,Monday,8,NA,NA,NA,caregiver_change,,,kc_vona
426,2019,10,21,Monday,8,1,NA,NA,bottle,2,oz,vona
427,2019,10,21,Monday,9,0,NA,NA,bottle,2.5,oz,vona
428,2019,10,21,Monday,11,45,NA,NA,bottle,2,oz,vona
429,2019,10,21,Monday,14,15,NA,NA,bottle,2.5,oz,vona
430,2019,10,21,Monday,9,27,10,0,nap,,,vona
431,2019,10,21,Monday,13,0,13,30,nap,,,vona
432,2019,10,21,Monday,NA,NA,NA,NA,skill_pullup,,,vona_kch
433,2019,10,22,Tuesday,7,0,NA,NA,dry,,,ap
434,2019,10,22,Tuesday,8,5,NA,NA,wet,,,ap
435,2019,10,22,Tuesday,10,35,NA,NA,wet,,,ap
436,2019,10,22,Tuesday,12,0,NA,NA,bowel,,,jd
437,2019,10,22,Tuesday,13,30,NA,NA,wet,,,ap
438,2019,10,22,Tuesday,14,45,NA,NA,wet,,,ap
439,2019,10,22,Tuesday,8,0,NA,NA,bottle,2,oz,ap
440,2019,10,22,Tuesday,10,40,NA,NA,bottle,3,oz,ap
441,2019,10,22,Tuesday,13,0,NA,NA,bottle,2,oz,ap
442,2019,10,22,Tuesday,9,17,10,30,nap,,,ap
443,2019,10,22,Tuesday,13,10,13,25,nap,,,ap
444,2019,10,22,Tuesday,19,0,NA,NA,intro_sleeping_nursery,,,jsmkch
445,2019,10,4,Friday,NA,NA,NA,NA,trait_tooth_incisor_lower_right,,,jsmkch
446,2019,10,23,Wednesday,NA,NA,NA,NA,trait_tooth_incisor_lower_left,,,jsmkch
447,2019,10,23,Wednesday,7,35,NA,NA,dry,,,kc
448,2019,10,23,Wednesday,9,0,NA,NA,wet,,,ap
449,2019,10,23,Wednesday,10,45,NA,NA,wet,,,ap
450,2019,10,23,Wednesday,13,0,NA,NA,wet,,,ap
451,2019,10,23,Wednesday,14,50,NA,NA,wet,,,ap
452,2019,10,23,Wednesday,8,0,NA,NA,bottle,2,oz,ap
453,2019,10,23,Wednesday,8,45,NA,NA,bottle,1,oz,ap
454,2019,10,23,Wednesday,10,15,NA,NA,bottle,2,oz,ap
455,2019,10,23,Wednesday,11,10,NA,NA,bottle,3,oz,ap
456,2019,10,23,Wednesday,13,45,NA,NA,bottle,2.5,oz,ap
457,2019,10,23,Wednesday,9,0,9,45,nap,,,ap
458,2019,10,23,Wednesday,11,32,12,55,nap,,,ap
459,2019,10,24,Thursday,7,30,NA,NA,dry,,,ap
460,2019,10,24,Thursday,8,15,NA,NA,bowel,,,ap
461,2019,10,24,Thursday,10,15,NA,NA,wet,,,ap
462,2019,10,24,Thursday,12,40,NA,NA,wet,,,ap
463,2019,10,24,Thursday,14,40,NA,NA,wet,,,ap
464,2019,10,24,Thursday,8,5,NA,NA,bottle,1.5,oz,ap
465,2019,10,24,Thursday,10,15,NA,NA,bottle,3,oz,ap
466,2019,10,24,Thursday,13,10,NA,NA,bottle,2,oz,ap
467,2019,10,24,Thursday,13,45,NA,NA,bottle,3,oz,ap
468,2019,10,24,Thursday,14,30,NA,NA,bottle,2.5,oz,ap
469,2019,10,24,Thursday,15,50,NA,NA,bottle,2.5,oz,ap
470,2019,10,24,Thursday,8,45,9,15,nap,,,ap
471,2019,10,24,Thursday,11,10,12,40,nap,,,ap
472,2019,10,25,Friday,7,15,NA,NA,dry,,,kc
473,2019,10,25,Friday,8,15,NA,NA,wet,,,ap
474,2019,10,25,Friday,10,10,NA,NA,wet,,,vona
475,2019,10,25,Friday,12,17,NA,NA,wet,,,vona
476,2019,10,25,Friday,14,15,NA,NA,wet,,,vona
477,2019,10,25,Friday,16,30,NA,NA,wet,,,vona
478,2019,10,25,Friday,8,0,NA,NA,bottle,1.5,oz,ap
479,2019,10,25,Friday,9,15,NA,NA,bottle,3,oz,vona
480,2019,10,25,Friday,11,0,NA,NA,bottle,3,oz,vona
481,2019,10,25,Friday,12,45,NA,NA,bottle,3,oz,vona
482,2019,10,25,Friday,14,15,NA,NA,bottle,2,oz,vona
483,2019,10,25,Friday,15,0,NA,NA,bottle,2,oz,vona
484,2019,10,25,Friday,11,40,12,14,nap,,,vona
485,2019,10,25,Friday,15,10,NA,NA,nap,,,vona
486,2019,10,25,Friday,8,30,NA,NA,caregiver_change,,,ap_vona
487,2019,10,28,Monday,7,5,NA,NA,dry,,,ap
488,2019,10,28,Monday,7,50,NA,NA,wet,,,ap
489,2019,10,28,Monday,9,25,NA,NA,wet,,,vona
490,2019,10,28,Monday,11,45,NA,NA,wet,,,vona
491,2019,10,28,Monday,13,48,NA,NA,wet,,,vona
492,2019,10,28,Monday,15,5,NA,NA,wet,,,vona
493,2019,10,28,Monday,8,45,NA,NA,bottle,2,oz,vona
494,2019,10,28,Monday,9,25,NA,NA,bottle,2,oz,vona
495,2019,10,28,Monday,10,45,NA,NA,bottle,2,oz,vona
496,2019,10,28,Monday,11,45,NA,NA,bottle,2,oz,vona
497,2019,10,28,Monday,13,25,NA,NA,bottle,2,oz,vona
498,2019,10,28,Monday,15,0,NA,NA,bottle,2,oz,vona
499,2019,10,28,Monday,10,53,11,45,nap,,,vona
500,2019,10,28,Monday,12,19,12,30,nap,,,vona
501,2019,10,29,Tuesday,7,45,NA,NA,wet,,,ap
502,2019,10,29,Tuesday,9,45,NA,NA,wet,,,ap
503,2019,10,29,Tuesday,11,30,NA,NA,wet,,,jd
504,2019,10,29,Tuesday,14,10,NA,NA,wet,,,ap
505,2019,10,29,Tuesday,15,15,NA,NA,wet,,,ap
506,2019,10,29,Tuesday,8,0,NA,NA,bottle,2,oz,ap
507,2019,10,29,Tuesday,8,50,NA,NA,bottle,2,oz,ap
508,2019,10,29,Tuesday,10,20,NA,NA,bottle,3,oz,ap
509,2019,10,29,Tuesday,12,5,NA,NA,bottle,3,oz,ap
510,2019,10,29,Tuesday,13,20,NA,NA,bottle,3,oz,ap
511,2019,10,29,Tuesday,14,55,NA,NA,bottle,2.5,oz,ap
512,2019,10,29,Tuesday,10,29,11,30,nap,,,ap
513,2019,10,29,Tuesday,13,29,14,5,nap,,,ap
514,2019,10,29,Tuesday,10,15,NA,NA,solids,3,pepper,ap
515,2019,10,29,Tuesday,14,30,NA,NA,solids,1,pepper_cheese,ap
516,2019,10,30,Wednesday,7,5,NA,NA,dry,,,ap
517,2019,10,30,Wednesday,7,50,NA,NA,wet,,,ap
518,2019,10,30,Wednesday,10,0,NA,NA,wet,,,ap
519,2019,10,30,Wednesday,12,20,NA,NA,wet,,,ap
520,2019,10,30,Wednesday,13,50,NA,NA,wet,,,ap
521,2019,10,30,Wednesday,15,13,NA,NA,wet,,,kc
522,2019,10,30,Wednesday,8,20,NA,NA,bottle,1.5,oz,ap
523,2019,10,30,Wednesday,8,45,NA,NA,bottle,2.5,oz,ap
524,2019,10,30,Wednesday,10,30,NA,NA,bottle,3,oz,ap
525,2019,10,30,Wednesday,11,45,NA,NA,bottle,2,oz,ap
526,2019,10,30,Wednesday,12,45,NA,NA,bottle,3,oz,ap
527,2019,10,30,Wednesday,13,45,NA,NA,bottle,1.5,oz,ap
528,2019,10,30,Wednesday,14,15,NA,NA,bottle,3,oz,ap
529,2019,10,30,Wednesday,10,15,NA,NA,solids,3,pepper_cheese,ap
530,2019,10,30,Wednesday,13,0,NA,NA,solids,0,pepper_sweetpotato,ap
531,2019,10,30,Wednesday,9,7,9,45,nap,,,ap
532,2019,10,30,Wednesday,11,40,12,0,nap,,,ap
533,2019,10,31,Thursday,7,10,NA,NA,wet,,,ap
534,2019,10,31,Thursday,9,0,NA,NA,wet,,,ap
535,2019,10,31,Thursday,11,0,NA,NA,wet,,,ap
536,2019,10,31,Thursday,13,10,NA,NA,wet,,,ap
537,2019,10,31,Thursday,14,50,NA,NA,wet,,,ap
538,2019,10,31,Thursday,9,20,NA,NA,bottle,2.5,oz,ap
539,2019,10,31,Thursday,10,0,NA,NA,bottle,2.5,oz,ap
540,2019,10,31,Thursday,11,55,NA,NA,bottle,3,oz,ap
541,2019,10,31,Thursday,13,45,NA,NA,bottle,2.5,oz,ap
542,2019,10,31,Thursday,10,40,NA,NA,solids,3,squash_cheese,ap
543,2019,10,31,Thursday,14,10,NA,NA,solids,2,pepper_cheese,ap
544,2019,10,31,Thursday,12,5,13,5,nap,,,ap
545,2019,11,1,Friday,8,10,NA,NA,wet,,,ap
546,2019,11,1,Friday,10,15,NA,NA,wet,,,vona
547,2019,11,1,Friday,12,1,NA,NA,wet,,,vona
548,2019,11,1,Friday,14,0,NA,NA,wet,,,vona
549,2019,11,1,Friday,15,10,NA,NA,bowel,,,vona
550,2019,11,1,Friday,8,15,NA,NA,bottle,2.5,oz,ap
551,2019,11,1,Friday,9,30,NA,NA,bottle,2.5,oz,vona
552,2019,11,1,Friday,12,5,NA,NA,bottle,3,oz,vona
553,2019,11,1,Friday,13,30,NA,NA,bottle,3,oz,vona
554,2019,11,1,Friday,9,47,10,2,nap,,,vona
555,2019,11,1,Friday,12,17,13,18,nap,,,vona
556,2019,11,1,Friday,11,0,NA,NA,solids,4,egg_pepper,vona
557,2019,11,1,Friday,14,25,NA,NA,solids,1,egg_pepper,vona
558,2019,11,1,Friday,8,30,NA,NA,caregiver_change,,,ap_vona
559,2019,11,4,Monday,7,16,NA,NA,dry,,,kc
560,2019,11,4,Monday,8,0,NA,NA,wet,,,kc
561,2019,11,4,Monday,8,30,NA,NA,caregiver_change,,,kc_ij
562,2019,11,4,Monday,9,10,NA,NA,wet,,,ij
563,2019,11,4,Monday,10,43,NA,NA,diaper,,,ij
564,2019,11,4,Monday,12,20,NA,NA,bowel,,,ij
565,2019,11,4,Monday,14,31,NA,NA,dry,,,ij
566,2019,11,4,Monday,8,30,NA,NA,bottle,3,oz,ij
567,2019,11,4,Monday,10,50,NA,NA,bottle,3,oz,ij
568,2019,11,4,Monday,13,20,NA,NA,bottle,3,oz,ij
569,2019,11,4,Monday,14,45,NA,NA,bottle,3,oz,ij
570,2019,11,4,Monday,9,20,10,40,nap,,,ij
571,2019,11,5,Tuesday,8,0,NA,NA,wet,,,ap
572,2019,11,5,Tuesday,11,15,NA,NA,wet,,,ap
573,2019,11,5,Tuesday,12,40,NA,NA,bowel,,,jd
574,2019,11,5,Tuesday,13,45,NA,NA,wet,,,kc
575,2019,11,5,Tuesday,15,5,NA,NA,wet,,,kc
576,2019,11,5,Tuesday,9,53,11,7,nap,,,ap
577,2019,11,5,Tuesday,13,57,NA,NA,caregiver_change,,,ap_kc
578,2019,11,5,Tuesday,11,20,NA,NA,solids,3,pepper_bread,ap
579,2019,11,5,Tuesday,14,0,NA,NA,solids,3,noodles_bread,ap
580,2019,11,5,Tuesday,8,20,NA,NA,bottle,3,oz,ap
581,2019,11,5,Tuesday,9,48,NA,NA,bottle,2.5,oz,ap
582,2019,11,5,Tuesday,11,45,NA,NA,bottle,3,oz,ap
583,2019,11,5,Tuesday,13,30,NA,NA,bottle,3,oz,ap
584,2019,11,6,Wednesday,8,0,NA,NA,wet,,,ap
585,2019,11,6,Wednesday,9,55,NA,NA,wet,,,ap
586,2019,11,6,Wednesday,11,25,NA,NA,bowel,,,ap
587,2019,11,6,Wednesday,13,20,NA,NA,wet,,,ap
588,2019,11,6,Wednesday,8,20,NA,NA,bottle,3,oz,ap
589,2019,11,6,Wednesday,10,0,NA,NA,bottle,3.5,oz,ap
590,2019,11,6,Wednesday,11,30,NA,NA,bottle,3,oz,ap
591,2019,11,6,Wednesday,13,45,NA,NA,bottle,3,oz,ap
592,2019,11,6,Wednesday,8,33,9,3,nap,,,ap
593,2019,11,6,Wednesday,10,20,NA,NA,solids,3,cauliflower,ap
594,2019,11,6,Wednesday,10,20,NA,NA,solids,2,noodles,ap
595,2019,11,6,Wednesday,14,15,NA,NA,solids,2,cauliflower_pepper,ap
596,2019,11,7,Thursday,7,35,NA,NA,wet,,,ap
597,2019,11,7,Thursday,9,26,NA,NA,wet,,,ap
598,2019,11,7,Thursday,11,0,NA,NA,bowel,,,ap
599,2019,11,7,Thursday,12,45,NA,NA,bowel,,,melody
600,2019,11,7,Thursday,15,5,NA,NA,wet,,,ap
601,2019,11,7,Thursday,7,55,NA,NA,bottle,2.5,oz,ap
602,2019,11,7,Thursday,9,32,NA,NA,bottle,3,oz,ap
603,2019,11,7,Thursday,11,0,NA,NA,bottle,3,oz,ap
604,2019,11,7,Thursday,11,40,NA,NA,bottle,3,oz,ap
605,2019,11,7,Thursday,13,15,NA,NA,bottle,3,oz,ap
606,2019,11,7,Thursday,9,35,10,11,nap,,,ap
607,2019,11,7,Thursday,13,55,15,0,nap,,,ap
608,2019,11,7,Thursday,10,25,NA,NA,solids,1,pepper_cauliflower,ap
609,2019,11,7,Thursday,13,20,NA,NA,solids,2,noodles,ap
610,2019,11,7,Thursday,12,20,NA,NA,caregiver_change,,,ap_melody
611,2019,11,7,Thursday,12,50,NA,NA,caregiver_change,,,melody_ap
612,2019,11,8,Friday,8,5,NA,NA,wet,,,ap
613,2019,11,8,Friday,9,48,NA,NA,wet,,,vona
614,2019,11,8,Friday,11,45,NA,NA,wet,,,vona
615,2019,11,8,Friday,12,17,NA,NA,bowel,,,vona
616,2019,11,8,Friday,13,45,NA,NA,wet,,,vona
617,2019,11,8,Friday,8,30,NA,NA,caregiver_change,,,ap_vona
618,2019,11,8,Friday,11,13,11,32,nap,,,vona
619,2019,11,8,Friday,8,50,NA,NA,bottle,4,oz,vona
620,2019,11,8,Friday,11,0,NA,NA,bottle,3,oz,vona
621,2019,11,8,Friday,11,45,NA,NA,bottle,3,oz,vona
622,2019,11,8,Friday,3,12,NA,NA,trait_mass,8.48,kg,rainbow
623,2019,11,8,Friday,3,12,NA,NA,trait_length,71.8,cm,rainbow
624,2019,11,10,Sunday,NA,NA,NA,NA,skill_crawl_full,,,jsmkch
625,2019,11,9,Saturday,NA,NA,NA,NA,skill_pullup_regularly,,,jsmkch
626,2019,11,13,Wednesday,9,0,NA,NA,bowel,,,ap
627,2019,11,13,Wednesday,10,45,NA,NA,wet,,,ap
628,2019,11,13,Wednesday,12,50,NA,NA,wet,,,ap
629,2019,11,13,Wednesday,15,0,NA,NA,wet,,,ap
630,2019,11,13,Wednesday,11,30,NA,NA,bottle,3.5,,ap
631,2019,11,13,Wednesday,13,0,NA,NA,bottle,3,,ap
632,2019,11,13,Wednesday,11,45,12,20,nap,,,ap
633,2019,11,13,Wednesday,11,0,NA,NA,solids,3,noodles_squash,ap
634,2019,11,13,Wednesday,14,15,NA,NA,solids,2,squash,ap
635,2019,11,12,Tuesday,7,55,NA,NA,dry,,,ap
636,2019,11,12,Tuesday,8,30,NA,NA,wet,,,ap
637,2019,11,12,Tuesday,10,30,NA,NA,wet,,,ap
638,2019,11,12,Tuesday,13,15,NA,NA,wet,,,ap
639,2019,11,12,Tuesday,13,55,NA,NA,bowel,,,ap
640,2019,11,12,Tuesday,11,5,NA,NA,bottle,3.5,oz,ap
641,2019,11,12,Tuesday,14,30,NA,NA,bottle,4,oz,ap
642,2019,11,12,Tuesday,11,30,13,1,nap,,,ap
643,2019,11,12,Tuesday,10,45,NA,NA,solids,,noodles_zucchini,ap
644,2019,11,12,Tuesday,15,0,NA,NA,wet,,,ap
645,2019,11,14,Thursday,7,35,NA,NA,wet,,,ap
646,2019,11,14,Thursday,8,25,NA,NA,bowel,,,ap
647,2019,11,14,Thursday,11,30,NA,NA,wet,,,jd
648,2019,11,14,Thursday,13,20,NA,NA,bowel,,,ap
649,2019,11,14,Thursday,15,3,NA,NA,wet,,,kc
650,2019,11,14,Thursday,8,20,NA,NA,bottle,1.5,oz,ap
651,2019,11,14,Thursday,11,30,NA,NA,bottle,4,oz,jd
652,2019,11,14,Thursday,14,5,NA,NA,bottle,5,oz,ap
653,2019,11,14,Thursday,12,30,NA,NA,solids,2,noodles_zucchini,ap
654,2019,11,14,Thursday,14,30,NA,NA,solids,5,zucchini,ap
655,2019,11,14,Thursday,9,17,11,25,nap,,,jd
656,2019,11,15,Friday,6,0,NA,NA,amoxicilin,7,mL,jsmkch
657,2019,11,15,Friday,18,0,NA,NA,amoxicilin,7,mL,jsmkch
658,2019,11,14,Thursday,6,0,NA,NA,amoxicilin,7,mL,jsmkch
659,2019,11,14,Thursday,18,0,NA,NA,amoxicilin,7,mL,jsmkch
660,2019,11,13,Wednesday,6,0,NA,NA,amoxicilin,7,mL,jsmkch
661,2019,11,13,Wednesday,18,0,NA,NA,amoxicilin,7,mL,jsmkch
662,2019,11,12,Tuesday,6,0,NA,NA,amoxicilin,7,mL,jsmkch
663,2019,11,12,Tuesday,18,0,NA,NA,amoxicilin,7,mL,jsmkch
664,2019,11,15,Friday,7,0,NA,NA,wet,,,kc
665,2019,11,15,Friday,9,0,NA,NA,wet,,,vona
666,2019,11,15,Friday,11,21,NA,NA,wet,,,vona
667,2019,11,15,Friday,13,16,NA,NA,wet,,,vona
668,2019,11,15,Friday,15,15,NA,NA,wet,,,vona
669,2019,11,15,Friday,8,18,NA,NA,bottle,0,oz,vona
670,2019,11,15,Friday,9,15,NA,NA,bottle,3,oz,vona
671,2019,11,15,Friday,11,15,NA,NA,bottle,4,oz,vona
672,2019,11,15,Friday,13,30,NA,NA,bottle,3,oz,vona
673,2019,11,15,Friday,14,15,NA,NA,bottle,4,oz,vona
674,2019,11,15,Friday,11,30,12,12,nap,,,vona
675,2019,11,15,Friday,11,0,NA,NA,solids,2,zucchini,vona
676,2019,11,15,Friday,14,0,NA,NA,solids,0,zucchini,vona
677,2019,11,15,Friday,8,15,NA,NA,caregiver_change,,,kc_vona
678,2019,11,19,Tuesday,7,40,NA,NA,wet,,,ap
679,2019,11,19,Tuesday,9,45,NA,NA,wet,,,ap
680,2019,11,19,Tuesday,12,20,NA,NA,wet,,,ap
681,2019,11,19,Tuesday,14,15,NA,NA,wet,,,ap
682,2019,11,19,Tuesday,8,40,NA,NA,bottle,1.5,oz,ap
683,2019,11,19,Tuesday,10,30,NA,NA,bottle,4,oz,ap
684,2019,11,19,Tuesday,12,35,NA,NA,bottle,3,oz,ap
685,2019,11,19,Tuesday,14,20,NA,NA,bottle,4,oz,ap
686,2019,11,19,Tuesday,8,0,NA,NA,solids,2,toast_egg,ap
687,2019,11,19,Tuesday,10,15,NA,NA,solids,3,egg,ap
688,2019,11,19,Tuesday,14,0,NA,NA,solids,3,egg,ap
689,2019,11,19,Tuesday,10,45,12,0,nap,,,ap
690,2019,11,18,Monday,6,0,NA,NA,amoxicilin,7,ml,jsmkch
691,2019,11,18,Monday,8,38,NA,NA,wet,,,vona
692,2019,11,18,Monday,10,36,NA,NA,wet,,,vona
693,2019,11,18,Monday,12,38,NA,NA,wet,,,vona
694,2019,11,18,Monday,12,57,NA,NA,bowel,,,vona
695,2019,11,18,Monday,15,0,NA,NA,wet,,,vona
696,2019,11,18,Monday,9,0,NA,NA,bottle,6,oz,vona
697,2019,11,18,Monday,11,30,NA,NA,bottle,3,oz,vona
698,2019,11,18,Monday,13,0,NA,NA,bottle,3,oz,vona
699,2019,11,18,Monday,15,0,NA,NA,bottle,2,oz,vona
700,2019,11,18,Monday,11,0,NA,NA,solids,3,irongoo,vona
701,2019,11,18,Monday,14,25,NA,NA,solids,3,irongoo,vona
702,2019,11,18,Monday,11,30,11,59,nap,,,vona
703,2019,11,18,Monday,13,13,13,58,nap,,,vona
704,2019,11,21,Thursday,8,40,8,47,bottle,3.1,oz,jsm
705,2019,11,21,Thursday,7,15,NA,NA,solids,1,sausage,jsm
706,2019,11,21,Thursday,10,15,11,45,nap,,,jsm
707,2019,11,21,Thursday,11,40,NA,NA,trait_mass,8.79,kg,rainbow
708,2019,11,21,Thursday,11,40,NA,NA,trait_length,73,cm,rainbow
709,2019,11,20,Wednesday,7,30,NA,NA,wet,,,ap
710,2019,11,20,Wednesday,9,15,NA,NA,bowel,,,ap
711,2019,11,20,Wednesday,12,5,NA,NA,wet,,,ap
712,2019,11,20,Wednesday,13,30,NA,NA,bowel,,,ap
713,2019,11,20,Wednesday,15,0,NA,NA,dry,,,ap
714,2019,11,20,Wednesday,8,30,NA,NA,solids,3.5,,ap
715,2019,11,20,Wednesday,10,30,NA,NA,solids,2,,ap
716,2019,11,20,Wednesday,12,20,NA,NA,solids,5,,ap
717,2019,11,20,Wednesday,14,50,NA,NA,solids,4,,ap
718,2019,11,20,Wednesday,8,10,NA,NA,solids,3,egg,ap
719,2019,11,20,Wednesday,10,15,NA,NA,solids,3,irongoo,ap
720,2019,11,20,Wednesday,13,45,NA,NA,solids,2,irongoo,ap
721,2019,11,20,Wednesday,10,47,12,2,nap,,,ap
722,2019,12,5,Thursday,7,45,NA,NA,wet,,,ap
723,2019,12,5,Thursday,9,20,NA,NA,wet,,,ap
724,2019,12,5,Thursday,12,15,NA,NA,wet,,,jd
725,2019,12,5,Thursday,14,25,NA,NA,wet,,,ap
726,2019,12,5,Thursday,8,5,NA,NA,bottle,3,oz,ap
727,2019,12,5,Thursday,9,45,NA,NA,bottle,3.5,oz,ap
728,2019,12,5,Thursday,12,20,NA,NA,bottle,3.5,oz,ap
729,2019,12,5,Thursday,14,30,NA,NA,bottle,2,oz,ap
730,2019,12,5,Thursday,10,45,12,10,nap,,,ap
731,2019,12,5,Thursday,8,0,NA,NA,solids,2,irongoo,ap
732,2019,12,5,Thursday,10,20,NA,NA,solids,3,irongoo,ap
733,2019,12,5,Thursday,14,10,NA,NA,solids,3,irongoo,ap
734,2019,12,4,Wednesday,8,10,NA,NA,wet,,,ap
735,2019,12,4,Wednesday,9,35,NA,NA,bowel,,,ap
736,2019,12,4,Wednesday,11,15,NA,NA,wet,,,ap
737,2019,12,4,Wednesday,12,45,NA,NA,wet,,,ap
738,2019,12,4,Wednesday,14,40,NA,NA,wet,,,ap
739,2019,12,4,Wednesday,8,30,NA,NA,bottle,4,oz,ap
740,2019,12,4,Wednesday,10,0,NA,NA,bottle,3,oz,ap
741,2019,12,4,Wednesday,11,20,NA,NA,bottle,2,oz,ap
742,2019,12,4,Wednesday,12,50,NA,NA,bottle,1.5,oz,ap
743,2019,12,4,Wednesday,8,0,NA,NA,solids,3,irongoo,ap
744,2019,12,4,Wednesday,11,0,NA,NA,solids,3,irongoo,ap
745,2019,12,4,Wednesday,14,10,NA,NA,solids,2,irongoo,ap
746,2019,12,4,Wednesday,12,0,12,40,nap,,,ap
747,2019,12,4,Wednesday,14,30,NA,NA,bottle,3,oz,ap
748,2019,12,3,Tuesday,8,50,NA,NA,dry,,,kc
749,2019,12,3,Tuesday,9,30,NA,NA,wet,,,kc
750,2019,12,3,Tuesday,11,30,NA,NA,dry,,,kc
751,2019,12,3,Tuesday,13,20,NA,NA,wet,,,kc
752,2019,12,3,Tuesday,15,7,NA,NA,bowel,,,kc
753,2019,12,3,Tuesday,9,0,NA,NA,bottle,3,oz,kc
754,2019,12,3,Tuesday,11,0,NA,NA,bottle,3,oz,kc
755,2019,12,3,Tuesday,13,24,NA,NA,bottle,3,oz,kc
756,2019,12,3,Tuesday,14,35,NA,NA,bottle,3,oz,kc
757,2019,12,3,Tuesday,13,50,14,30,nap,,,kc
758,2019,12,3,Tuesday,10,45,NA,NA,solids,3,irongoo,kc
759,2019,12,3,Tuesday,14,35,NA,NA,solids,3,irongoo,kc
760,2019,12,3,Tuesday,7,13,NA,NA,trait_tooth_incisor_upper_right,,,jsmkch
761,2019,12,7,Saturday,12,55,NA,NA,trait_tooth_incisor_upper_left,,,jsmkch
762,2019,12,10,Tuesday,8,0,NA,NA,wet,,,ap
763,2019,12,10,Tuesday,9,50,NA,NA,wet,,,ap
764,2019,12,10,Tuesday,11,30,NA,NA,wet,,,ap
765,2019,12,10,Tuesday,13,45,NA,NA,wet,,,ap
766,2019,12,10,Tuesday,15,20,NA,NA,bowel,,,ap
767,2019,12,10,Tuesday,9,25,NA,NA,bottle,4,oz,ap
768,2019,12,10,Tuesday,11,15,NA,NA,bottle,4,oz,ap
769,2019,12,10,Tuesday,14,40,NA,NA,bottle,3,oz,ap
770,2019,12,10,Tuesday,10,10,11,0,nap,,,ap
771,2019,12,10,Tuesday,8,20,NA,NA,solids,3,biscuit_gravy_orange,ap
772,2019,12,10,Tuesday,11,20,NA,NA,solids,3,greenbeans,ap
773,2019,12,10,Tuesday,14,20,NA,NA,solids,2,graham_crackers,ap
774,2019,12,12,Thursday,7,40,NA,NA,wet,,,ap
775,2019,12,12,Thursday,9,50,NA,NA,wet,,,ap
776,2019,12,12,Thursday,11,30,NA,NA,wet,,,ap
777,2019,12,12,Thursday,13,20,NA,NA,wet,,,ap
778,2019,12,12,Thursday,15,0,NA,NA,wet,,,kc
779,2019,12,12,Thursday,9,55,NA,NA,bottle,2,oz,ap
780,2019,12,12,Thursday,10,25,NA,NA,bottle,3,oz,ap
781,2019,12,12,Thursday,13,10,NA,NA,bottle,1,oz,ap
782,2019,12,12,Thursday,14,57,NA,NA,bottle,3,oz,ap
783,2019,12,12,Thursday,10,30,11,20,nap,,,ap
784,2019,12,12,Thursday,8,15,NA,NA,solids,3,banana_toast,ap
785,2019,12,12,Thursday,12,15,NA,NA,solids,2,turkey_cheese_applesauce,ap
786,2019,12,12,Thursday,14,0,NA,NA,solids,3,crackers_cheese,ap
787,2019,12,9,Monday,7,45,NA,NA,wet,,,ap
788,2019,12,9,Monday,9,30,NA,NA,wet,,,ap
789,2019,12,9,Monday,12,20,NA,NA,wet,,,vona
790,2019,12,9,Monday,14,20,NA,NA,wet,,,ap
791,2019,12,9,Monday,11,5,12,12,nap,,,vona
792,2019,12,9,Monday,9,55,NA,NA,bottle,4,oz,ap
793,2019,12,9,Monday,10,45,NA,NA,bottle,4,oz,ap
794,2019,12,9,Monday,13,0,NA,NA,bottle,2,oz,ap
795,2019,12,9,Monday,14,25,NA,NA,bottle,0,oz,ap
796,2019,12,9,Monday,8,0,NA,NA,solids,4,waffle,ap
797,2019,12,9,Monday,10,30,NA,NA,solids,4,irongoo,ap
798,2019,12,9,Monday,14,10,NA,NA,solids,1,apple,ap
799,2019,12,17,Tuesday,7,30,NA,NA,wet,,,ap
800,2019,12,17,Tuesday,9,15,NA,NA,wet,,,ap
801,2019,12,17,Tuesday,12,23,NA,NA,wet,,,ap
802,2019,12,17,Tuesday,14,15,NA,NA,dry,,,ap
803,2019,12,17,Tuesday,10,40,NA,NA,bottle,3,oz,ap
804,2019,12,17,Tuesday,13,45,NA,NA,bottle,4,oz,ap
805,2019,12,17,Tuesday,11,5,12,20,nap,,,ap
806,2019,12,17,Tuesday,8,0,NA,NA,solids,3,waffle,ap
807,2019,12,17,Tuesday,10,30,NA,NA,solids,0,ham_squash_corn,ap
808,2019,12,17,Tuesday,14,0,NA,NA,solids,3,bread_raisin,ap
809,2019,12,19,Thursday,8,10,NA,NA,wet,,,ap
810,2019,12,19,Thursday,10,5,NA,NA,wet,,,ap
811,2019,12,19,Thursday,13,7,NA,NA,bowel,,,ap
812,2019,12,19,Thursday,15,0,NA,NA,dry,,,ap
813,2019,12,19,Thursday,8,55,NA,NA,bottle,1,oz,ap
814,2019,12,19,Thursday,13,13,NA,NA,bottle,1,oz,ap
815,2019,12,19,Thursday,13,40,NA,NA,bottle,2,oz,ap
816,2019,12,19,Thursday,7,50,NA,NA,solids,2.5,irongoo,ap
817,2019,12,19,Thursday,10,20,NA,NA,solids,3,carrot,ap
818,2019,12,19,Thursday,14,30,NA,NA,solids,3,irongoo_carrot,ap
819,2019,12,19,Thursday,11,28,13,5,nap,,,ap
820,2019,12,18,Wednesday,8,0,NA,NA,wet,,,ap
821,2019,12,18,Wednesday,10,5,NA,NA,wet,,,ap
822,2019,12,18,Wednesday,12,25,NA,NA,wet,,,ij
823,2019,12,18,Wednesday,14,25,NA,NA,wet,,,ap
824,2019,12,18,Wednesday,15,22,NA,NA,dry,,,kc
825,2019,12,18,Wednesday,9,55,NA,NA,bottle,3,oz,ap
826,2019,12,18,Wednesday,11,5,NA,NA,bottle,1,oz,ap
827,2019,12,18,Wednesday,13,0,NA,NA,bottle,2,oz,ap
828,2019,12,18,Wednesday,11,10,12,15,nap,,,ap
829,2019,12,18,Wednesday,7,50,NA,NA,solids,3,irongoo,ap
830,2019,12,18,Wednesday,10,30,NA,NA,solids,1,squash,ap
831,2019,12,18,Wednesday,14,0,NA,NA,solids,3,irongoo,ap
832,2019,12,13,Friday,7,0,NA,NA,dry,,,kc
833,2019,12,13,Friday,9,30,NA,NA,wet,,,kc
834,2019,12,13,Friday,10,25,NA,NA,wet,,,kc
835,2019,12,13,Friday,12,55,NA,NA,wet,,,kc
836,2019,12,13,Friday,14,55,NA,NA,wet,,,kc
837,2019,12,13,Friday,8,0,NA,NA,bottle,3,oz,kc
838,2019,12,13,Friday,10,45,NA,NA,bottle,3,oz,kc
839,2019,12,13,Friday,13,30,NA,NA,bottle,1,oz,kc
840,2019,12,13,Friday,14,30,NA,NA,bottle,3,oz,kc
841,2019,12,13,Friday,11,0,12,49,nap,,,kc
842,2019,12,13,Friday,10,50,NA,NA,solids,3,irongoo_vegetable,kc
843,2019,12,13,Friday,14,0,NA,NA,solids,3,irongoo,kc
844,2020,1,6,Monday,7,14,NA,NA,dry,,,kc
845,2020,1,6,Monday,9,0,NA,NA,wet,,,ap
846,2020,1,6,Monday,12,30,NA,NA,wet,,,ap
847,2020,1,6,Monday,14,20,NA,NA,wet,,,ap
848,2020,1,6,Monday,9,10,NA,NA,bottle,3,oz,ap
849,2020,1,6,Monday,13,25,NA,NA,bottle,4,oz,ap
850,2020,1,6,Monday,11,10,12,17,nap,,,ap
851,2020,1,6,Monday,8,0,NA,NA,solids,3,raisinbran,ap
852,2020,1,6,Monday,10,45,NA,NA,solids,3,meatballs_mashedpotato_strawberry,ap
853,2020,1,6,Monday,13,45,NA,NA,solids,3,cheese,ap
854,2019,12,11,Wednesday,7,30,NA,NA,wet,,,kc
855,2019,12,11,Wednesday,9,30,NA,NA,wet,,,kc
856,2019,12,11,Wednesday,11,35,NA,NA,wet,,,ap
857,2019,12,11,Wednesday,14,18,NA,NA,wet,,,ap
858,2019,12,11,Wednesday,8,30,NA,NA,bottle,3,oz,kc
859,2019,12,11,Wednesday,10,7,NA,NA,bottle,4,oz,kc
860,2019,12,11,Wednesday,14,5,NA,NA,bottle,4,oz,ap
861,2019,12,11,Wednesday,14,48,NA,NA,bottle,3,oz,ap
862,2019,12,11,Wednesday,10,35,11,32,nap,,,ap
863,2019,12,11,Wednesday,8,0,NA,NA,solids,3,cheerio,kc
864,2019,12,11,Wednesday,11,40,NA,NA,solids,2.5,ham_mashedpotato_strawberry,ap
865,2019,12,11,Wednesday,14,0,NA,NA,solids,3,gcracker_apple,ap
866,2020,1,8,Wednesday,10,10,NA,NA,wet,,,ap
867,2020,1,8,Wednesday,12,30,NA,NA,wet,,,kc
868,2020,1,8,Wednesday,14,25,NA,NA,wet,,,ap
869,2020,1,8,Wednesday,11,5,NA,NA,bottle,2,oz,ap
870,2020,1,8,Wednesday,13,15,NA,NA,bottle,3,oz,ap
871,2020,1,8,Wednesday,11,15,12,30,nap,,,ap
872,2020,1,8,Wednesday,10,30,NA,NA,solids,3,noodles,ap
873,2020,1,8,Wednesday,14,10,NA,NA,solids,3,fruit,ap
874,2020,1,13,Monday,7,45,NA,NA,wet,,,ap
875,2020,1,13,Monday,9,55,NA,NA,wet,,,ap
876,2020,1,13,Monday,12,25,NA,NA,wet,,,ap
877,2020,1,13,Monday,13,50,NA,NA,wet,,,kc
878,2020,1,13,Monday,11,7,12,20,nap,,,ap
879,2020,1,13,Monday,11,5,NA,NA,bottle,1,oz,ap
880,2020,1,13,Monday,14,0,NA,NA,bottle,2,oz,ap
881,2020,1,13,Monday,8,15,NA,NA,solids,3,cheerios,ap
882,2020,1,13,Monday,10,50,NA,NA,solids,3,noodles,ap
883,2020,1,13,Monday,14,5,NA,NA,solids,2,apple,ap
884,2020,1,14,Tuesday,8,10,NA,NA,wet,,,ap
885,2020,1,14,Tuesday,10,10,NA,NA,wet,,,ap
886,2020,1,14,Tuesday,12,0,NA,NA,wet,,,ap
887,2020,1,14,Tuesday,14,30,NA,NA,wet,,,ap
888,2020,1,14,Tuesday,9,15,NA,NA,bottle,2,oz,ap
889,2020,1,14,Tuesday,13,10,NA,NA,bottle,0.5,oz,ap
890,2020,1,14,Tuesday,10,27,11,30,nap,,,ap
891,2020,1,14,Tuesday,8,40,NA,NA,solids,1,toast_apple,ap
892,2020,1,14,Tuesday,11,30,NA,NA,solids,2.5,apple,ap
893,2020,1,14,Tuesday,14,15,NA,NA,solids,3,fruit,ap
894,2020,1,10,Friday,8,30,NA,NA,wet,,,ap
895,2020,1,10,Friday,9,15,NA,NA,bowel,,,ap
896,2020,1,10,Friday,12,50,NA,NA,wet,,,ap
897,2020,1,10,Friday,9,0,NA,NA,bottle,1,oz,ap
898,2020,1,10,Friday,11,20,NA,NA,bottle,2,oz,ap
899,2020,1,10,Friday,8,0,NA,NA,solids,3,cheese_toast_apple,ap
900,2020,1,10,Friday,11,5,NA,NA,solids,3,noodles_banana_veggies,ap
901,2020,1,10,Friday,14,10,NA,NA,solids,3,gcracker,ap
902,2020,1,10,Friday,11,25,12,30,nap,,,ap
903,2020,1,9,Thursday,7,5,NA,NA,dry,,,kc
904,2020,1,9,Thursday,8,30,NA,NA,wet,,,ap
905,2020,1,9,Thursday,10,20,NA,NA,wet,,,ap
906,2020,1,9,Thursday,12,45,NA,NA,wet,,,ap
907,2020,1,9,Thursday,14,30,NA,NA,wet,,,ap
908,2020,1,9,Thursday,9,35,NA,NA,bottle,1,oz,ap
909,2020,1,9,Thursday,11,0,NA,NA,bottle,0,oz,ap
910,2020,1,9,Thursday,12,55,NA,NA,bottle,1.5,oz,ap
911,2020,1,9,Thursday,8,10,NA,NA,solids,2,fruit,ap
912,2020,1,9,Thursday,10,40,NA,NA,solids,3,noodles,ap
913,2020,1,9,Thursday,14,5,NA,NA,solids,3,fruit,ap
914,2020,1,9,Thursday,11,10,11,45,nap,,,ap
915,2020,1,15,Wednesday,8,30,NA,NA,wet,,,ap
916,2020,1,15,Wednesday,10,6,NA,NA,bowel,,,kc
917,2020,1,15,Wednesday,12,12,NA,NA,wet,,,ap
918,2020,1,15,Wednesday,14,0,NA,NA,dry,,,ap
919,2020,1,15,Wednesday,11,7,12,9,nap,,,ap
920,2020,1,15,Wednesday,9,10,NA,NA,bottle,0,oz,ap
921,2020,1,15,Wednesday,11,0,NA,NA,bottle,1,oz,ap
922,2020,1,15,Wednesday,13,0,NA,NA,bottle,0,oz,ap
923,2020,1,15,Wednesday,8,10,NA,NA,solids,3,cereal,ap
924,2020,1,15,Wednesday,10,50,NA,NA,solids,2,turkey_potato_pineapple,ap
925,2020,1,15,Wednesday,13,55,NA,NA,solids,,banana_animalcrackers,ap
926,2020,1,16,Thursday,7,2,NA,NA,dry,,,kc
927,2020,1,16,Thursday,8,30,NA,NA,wet,,,ap
928,2020,1,16,Thursday,10,30,NA,NA,wet,,,ap
929,2020,1,16,Thursday,12,20,NA,NA,wet,,,ap
930,2020,1,16,Thursday,14,6,NA,NA,wet,,,kc
931,2020,1,16,Thursday,9,30,NA,NA,bottle,0.5,oz,ap
932,2020,1,16,Thursday,14,20,NA,NA,bottle,0,oz,ap
933,2020,1,16,Thursday,11,20,12,15,nap,,,ap
934,2020,1,16,Thursday,8,10,NA,NA,solids,3,toast_oatmeal,ap
935,2020,1,16,Thursday,10,45,NA,NA,solids,3,chicken_broccoli_pineapple,ap
936,2020,1,16,Thursday,12,25,NA,NA,solids,3,blueberries,ap
937,2020,1,16,Thursday,13,45,NA,NA,solids,3,blueberries_animalcrackers_yogurt,ap
938,2020,1,21,Tuesday,8,20,NA,NA,wet,,,ap
939,2020,1,21,Tuesday,10,15,NA,NA,dry,,,ap
940,2020,1,21,Tuesday,12,25,NA,NA,wet,,,kc
941,2020,1,21,Tuesday,14,20,NA,NA,wet,,,ap
942,2020,1,21,Tuesday,8,25,NA,NA,bottle,0,water,ap
943,2020,1,21,Tuesday,9,40,NA,NA,bottle,0,water,ap
944,2020,1,21,Tuesday,10,50,NA,NA,bottle,0,water,ap
945,2020,1,21,Tuesday,13,0,NA,NA,bottle,1,oz,ap
946,2020,1,21,Tuesday,11,5,12,20,nap,,,ap
947,2020,1,21,Tuesday,8,5,NA,NA,solids,3,toast_oranges,ap
948,2020,1,21,Tuesday,10,50,NA,NA,solids,3,fishsticks_borccoli_applesauce,ap
949,2020,1,21,Tuesday,12,50,NA,NA,solids,3,carrots,ap
950,2020,1,21,Tuesday,14,5,NA,NA,solids,3,gcrackers,ap
951,2020,1,22,Wednesday,7,2,NA,NA,wet,,,kc
952,2020,1,22,Wednesday,9,0,NA,NA,wet,,,mb
953,2020,1,22,Wednesday,10,45,NA,NA,wet,,,kc
954,2020,1,22,Wednesday,11,30,NA,NA,bowel,,,kc
955,2020,1,22,Wednesday,13,59,NA,NA,wet,,,kc
956,2020,1,22,Wednesday,10,30,NA,NA,bottle,0,water,kc
957,2020,1,22,Wednesday,13,38,NA,NA,bottle,0,water,kc
958,2020,1,22,Wednesday,14,29,NA,NA,bottle,2,oz,kc
959,2020,1,22,Wednesday,11,55,13,0,nap,,,kc
960,2020,1,22,Wednesday,8,0,NA,NA,solids,2.5,applesauce_eggs,kc
961,2020,1,22,Wednesday,10,50,NA,NA,solids,3,noodles_veggies_cheese,kc
962,2020,1,22,Wednesday,14,0,NA,NA,solids,3,crackers_cheese,kc
963,2020,2,6,Thursday,NA,NA,NA,NA,trait_tooth_incisor_lateral_upper_right,,,kch
964,2020,2,11,Tuesday,NA,NA,NA,NA,trait_tooth_incisor_lateral_upper_left,,,jsm
965,2020,1,30,Thursday,NA,NA,NA,NA,trait_length,74.9,cm,rainbow
966,2020,1,30,Thursday,NA,NA,NA,NA,trait_mass,9.92,kg,rainbow
967,2020,1,30,Thursday,NA,NA,NA,NA,trait_head_circum,45.7,cm,rainbow
968,2020,2,10,Monday,NA,NA,NA,NA,skill_step,,,kc
969,2020,3,13,Friday,NA,NA,NA,NA,trait_mass,10.348,kg,rainbow
970,2020,3,10,Tuesday,NA,NA,NA,NA,skill_walking,,,jsmkch
971,2020,3,13,Friday,18,0,NA,NA,amoxicilin,3,mL,jsm
972,2020,3,14,Saturday,8,0,NA,NA,amoxicilin,3,mL,jsm
973,2020,3,14,Saturday,18,0,NA,NA,amoxicilin,3,mL,jsm
974,2020,3,15,Sunday,8,0,NA,NA,amoxicilin,3,mL,jsm
975,2020,3,15,Sunday,18,0,NA,NA,amoxicilin,3,mL,jsm
976,2020,3,16,Monday,8,0,NA,NA,amoxicilin,3,mL,jsm
977,2020,3,16,Monday,18,0,NA,NA,amoxicilin,3,mL,jsm
978,2020,3,17,Tuesday,8,0,NA,NA,amoxicilin,3,mL,jsm
979,2020,3,17,Tuesday,18,0,NA,NA,amoxicilin,3,mL,jsm
980,2020,3,14,Saturday,8,0,NA,NA,predisolone,5,mL,jsm
981,2020,3,15,Sunday,8,0,NA,NA,predisolone,5,mL,jsm
982,2020,3,16,Monday,8,0,NA,NA,predisolone,5,mL,jsm
983,2020,3,17,Tuesday,8,0,NA,NA,predisolone,5,mL,jsm
984,2020,3,18,Wednesday,8,0,NA,NA,predisolone,5,mL,jsm
985,2020,3,12,Thursday,NA,NA,NA,NA,start_home_covid19,,,jsm
986,2020,3,18,Wednesday,8,0,NA,NA,amoxicilin,3,mL,jsm
987,2020,3,18,Wednesday,18,0,NA,NA,amoxicilin,3,mL,jsm
988,2020,3,19,Thursday,8,0,NA,NA,amoxicilin,3,mL,jsm
989,2020,3,20,Friday,8,0,NA,NA,amoxicilin,3,mL,jsm
990,2020,3,20,Friday,18,0,NA,NA,amoxicilin,3,mL,jsm
991,2020,3,21,Saturday,8,0,NA,NA,amoxicilin,3,mL,jsm
992,2020,4,7,Tuesday,NA,NA,NA,NA,trait_tooth_incisor_lower_right_lateral,,,kch
993,2020,4,16,Wednesday,NA,NA,NA,NA,trait_tooth_incisor_lower_left_lateral,,,jsm
994,2020,5,25,Monday,NA,NA,NA,NA,trait_tooth_molar_lower_right,,,jsm
995,2020,5,25,Monday,NA,NA,NA,NA,trait_tooth_molar_lower_left,,,jsm
996,2020,4,30,Thursday,NA,NA,NA,NA,trait_mass,10.66,kg,rainbow
997,2020,4,30,Thursday,NA,NA,NA,NA,trait_length,80.01,cm,rainbow
998,2020,6,15,Monday,NA,NA,NA,NA,trait_tooth_canine_lower_right,,,jsm
999,2020,6,15,Monday,NA,NA,NA,NA,trait_tooth_canine_lower_left,,,jsm
1000,2020,6,20,Saturday,NA,NA,NA,NA,trait_tooth_molar_upper_right,,,kch
1001,2020,8,10,Monday,NA,NA,NA,NA,trait_mass,11.82,kg,rainbow
1002,2020,7,31,Friday,NA,NA,NA,NA,trait_mass,11.57,kg,hottinger
1003,2020,8,10,Monday,NA,NA,NA,NA,trait_length,83.82,cm,rainbow
1004,2020,6,25,Thursday,NA,NA,NA,NA,trait_tooth_molar_upper_left,,,kch
1005,2020,12,7,Monday,NA,NA,NA,NA,skill_self_reference,,our car zoom beren ah cah zoom beh,jsm
1006,2020,11,18,Wednesday,NA,NA,NA,NA,start_home_covid19,,,jsm
1007,2020,8,11,Tuesday,NA,NA,NA,NA,stop_home_covid19,,,jsm
1008,2020,11,7,Saturday,NA,NA,NA,NA,skill_sentence,,cars go zoom cah zoom,jsm
1009,2020,12,14,Monday,NA,NA,NA,NA,skill_count,,to four; counted two blocks when I tried to trick him,jsm
1010,2021,1,28,Wednesday,9,0,NA,NA,dry,,,aym
1011,2021,1,28,Wednesday,10,39,NA,NA,wet,,,aym
1012,2021,1,28,Wednesday,13,50,NA,NA,wet,,,aym
1013,2021,1,28,Wednesday,11,40,13,50,nap,,,aym
1014,2021,1,27,Tuesday,8,0,NA,NA,wet,,,aym
1015,2021,1,27,Tuesday,10,30,NA,NA,bowel,,,aym
1016,2021,1,27,Tuesday,13,45,NA,NA,wet,,,aym
1017,2021,1,27,Tuesday,11,30,13,45,nap,,,aym
1018,2020,8,27,,8,5,NA,NA,wet,,,ap
1019,2020,8,27,,10,30,NA,NA,wet,,,am
1020,2020,8,27,,13,40,NA,NA,wet,,,kc
1021,2020,8,27,,15,5,NA,NA,wet,,,kc
1022,2020,8,27,,11,50,13,40,nap,,,am
1023,2021,1,22,Thursday,8,39,NA,NA,wet,,,ap
1024,2021,1,22,Thursday,10,39,NA,NA,wet,,,kc
1025,2021,1,22,Thursday,13,45,NA,NA,wet,,,kc
1026,2021,1,22,Thursday,11,30,13,45,nap,,,kc
1027,2020,3,9,,8,5,NA,NA,wet,,,ap
1028,2020,3,9,,9,38,NA,NA,wet,,,kc
1029,2020,3,9,,11,0,NA,NA,wet,,,kc
1030,2020,3,9,,13,0,NA,NA,wet,,,kc
1031,2020,3,9,,9,0,NA,NA,bottle,2,oz,kc
1032,2020,3,9,,11,15,NA,NA,bottle,2,oz,kc
1033,2020,3,9,,11,45,12,45,nap,,,kc
1034,2020,3,12,,10,0,NA,NA,wet,,,ij
1035,2020,3,12,,13,25,NA,NA,wet,,,jd
1036,2021,1,20,Wednesday,9,0,NA,NA,wet,,,aym
1037,2021,1,20,Wednesday,10,30,NA,NA,bowel,,,aym
1038,2021,1,20,Wednesday,13,57,NA,NA,wet,,,aym
1039,2021,1,20,Wednesday,12,0,13,0,nap,,,aym
1040,2021,1,21,Thursday,9,0,NA,NA,wet,,,ap
1041,2021,1,21,Thursday,10,30,NA,NA,wet,,,aym
1042,2021,1,21,Thursday,13,30,NA,NA,wet,,,aym
1043,2021,1,21,Thursday,11,48,13,0,nap,,,aym
1044,2020,2,26,,7,30,NA,NA,wet,,,ap
1045,2020,2,26,,9,13,NA,NA,dry,,,ij
1046,2020,2,26,,10,33,NA,NA,wet,,,kc
1047,2020,2,26,,13,0,NA,NA,dry,,,ij
1048,2020,2,26,,14,22,NA,NA,wet,,,kc
1049,2020,2,26,,8,0,NA,NA,bottle,3,oz,kc
1050,2020,2,26,,10,0,NA,NA,bottle,3,oz,kc
1051,2020,2,26,,11,0,NA,NA,bottle,3,oz,kc
1052,2020,2,26,,14,0,NA,NA,water,,,ij
1053,2020,2,26,,11,10,12,52,nap,,,kc
1054,2020,3,3,,8,5,NA,NA,wet,,,ap
1055,2020,3,3,,10,40,NA,NA,wet,,,kc
1056,2020,3,3,,13,47,NA,NA,wet,,,kc
1057,2020,3,3,,9,0,NA,NA,bottle,4,oz,kc
1058,2020,3,3,,11,0,NA,NA,bottle,4,oz,kc
1059,2020,3,3,,14,0,NA,NA,bottle,water,,kc
1060,2020,3,3,,11,45,13,40,nap,,,kc
1061,2021,1,19,Tuesday,8,44,NA,NA,dry,,,aym
1062,2021,1,19,Tuesday,10,31,NA,NA,wet,,,aym
1063,2021,1,19,Tuesday,14,26,NA,NA,wet,,,mb
1064,2021,1,19,Tuesday,12,8,14,0,nap,,,aym
1065,2020,2,10,,8,50,NA,NA,wet,,,kc
1066,2020,2,10,,10,30,NA,NA,wet,,,kc
1067,2020,2,10,,12,30,NA,NA,wet,,,kc
1068,2020,2,10,,14,5,NA,NA,wet,,,kc
1069,2020,2,10,,8,0,NA,NA,bottle,3,oz,kc
1070,2020,2,10,,11,10,NA,NA,bottle,3,oz,kc
1071,2020,2,10,,13,10,NA,NA,water,,,kc
1072,2020,2,10,,14,9,NA,NA,water,,,kc
1073,2020,2,10,,11,30,12,15,nap,,,kc
1074,2020,2,20,,8,30,NA,NA,wet,,,ap
1075,2020,2,20,,10,30,NA,NA,wet,,,ap
1076,2020,2,20,,12,35,NA,NA,wet,,,ap
1077,2020,2,20,,14,14,NA,NA,wet,,,kc
1078,2020,2,20,,9,15,NA,NA,bottle,2,oz,ap
1079,2020,2,20,,11,10,NA,NA,bottle,1,oz,ap
1080,2020,2,20,,12,50,NA,NA,water,,,kc
1081,2020,2,20,,13,55,NA,NA,water,,,kc
1082,2020,2,20,,11,35,12,33,nap,,,kc
1083,2020,8,26,,7,45,NA,NA,dry,,,am
1084,2020,8,26,,8,40,NA,NA,bowel,,,ap
1085,2020,8,26,,11,45,NA,NA,dry,,,am
1086,2020,8,26,,13,30,NA,NA,wet,,,kc
1087,2020,8,26,,15,30,NA,NA,wet,,,kc
1088,2020,8,26,,11,20,NA,NA,bottle,3,oz,am
1089,2020,8,26,,14,0,NA,NA,water,,,ap
1090,2020,8,26,,8,0,NA,NA,water,,,ap
1091,2020,8,26,,11,50,13,30,nap,,,kc
1092,2020,3,5,,8,30,NA,NA,wet,,,ap
1093,2020,3,5,,10,30,NA,NA,wet,,,kc
1094,2020,3,5,,13,30,NA,NA,wet,,,kc
1095,2020,3,5,,9,30,NA,NA,bottle,1,oz,kc
1096,2020,3,5,,11,0,NA,NA,bottle,0,oz,kc
1097,2020,3,5,,13,45,NA,NA,water,,,kc
1098,2020,3,5,,14,30,NA,NA,bottle,0,oz,kc
1099,2020,3,5,,11,20,12,15,nap,,,kc
1100,2020,2,25,,8,30,NA,NA,wet,,,ap
1101,2020,2,25,,10,35,NA,NA,dry,,,ij
1102,2020,2,25,,12,45,NA,NA,wet,,,ij
1103,2020,2,25,,14,50,NA,NA,wet,,,ij
1104,2020,3,2,,8,15,NA,NA,wet,,,ap
1105,2020,3,2,,10,45,NA,NA,wet,,,kc
1106,2020,3,2,,12,45,NA,NA,wet,,,kc
1107,2020,3,2,,15,0,NA,NA,wet,,,ij
1108,2020,3,2,,9,0,NA,NA,bottle,4,oz,kc
1109,2020,3,2,,11,0,NA,NA,bottle,4,oz,kc
1110,2020,3,2,,11,30,12,30,nap,,,kc
1111,2020,8,24,,9,45,NA,NA,wet,,,ap
1112,2020,8,24,,11,54,NA,NA,wet,,,ap
1113,2020,8,24,,13,35,NA,NA,wet,,,ap
1114,2020,8,24,,13,57,NA,NA,bowel,,,ap
1115,2020,8,24,,15,10,NA,NA,wet,,,ap
1116,2020,8,24,,8,15,NA,NA,bottle,0,oz,ap
1117,2020,8,24,,10,35,NA,NA,water,1,oz,ap
1118,2020,8,24,,10,45,11,49,nap,,,ap
1119,2020,10,8,,8,15,NA,NA,wet,,,ap
1120,2020,10,8,,10,30,NA,NA,wet,,,am
1121,2020,10,8,,13,30,NA,NA,wet,,,am
1122,2020,10,8,,14,25,NA,NA,bowel,,,am
1123,2020,10,8,,11,30,13,30,nap,,,am
1124,2020,10,7,,7,45,NA,NA,bowel,,,am
1125,2020,10,7,,10,20,NA,NA,wet,,,ap
1126,2020,10,7,,13,25,NA,NA,wet,,,ap
1127,2020,10,7,,14,45,NA,NA,wet,,,am
1128,2020,10,7,,11,15,13,20,nap,,,ap
1129,2020,10,6,,8,15,NA,NA,wet,,,am
1130,2020,10,6,,10,5,NA,NA,wet,,,melody
1131,2020,10,6,,13,10,NA,NA,wet,,,melody
1132,2020,10,6,,11,30,13,0,nap,,,melody
1133,2020,9,1,,8,10,NA,NA,dry,,,ap
1134,2020,9,1,,10,30,NA,NA,bowel,,,am
1135,2020,9,1,,13,40,NA,NA,dry,,,am
1136,2020,9,1,,15,30,NA,NA,bowel,,,am
1137,2020,9,1,,11,45,13,40,nap,,,am
1138,2020,9,2,,8,30,NA,NA,bowel,,,aym
1139,2020,9,2,,10,30,NA,NA,wet,,,kc
1140,2020,9,2,,13,30,NA,NA,wet,,,am
1141,2020,9,2,,14,40,NA,NA,bowel,,,kc
1142,2020,9,2,,11,30,12,15,nap,,,kc
1143,2020,10,5,,8,0,NA,NA,wet,,,ap
1144,2020,10,5,,10,30,NA,NA,wet,,,kc
1145,2020,10,5,,13,35,NA,NA,wet,,,kc
1146,2020,10,5,,11,30,13,30,nap,,,kc
1147,2020,3,10,,8,40,NA,NA,wet,,,ap
1148,2020,3,10,,10,45,NA,NA,wet,,,kc
1149,2020,3,10,,12,35,NA,NA,dry,,,kc
1150,2020,3,10,,14,10,NA,NA,wet,,,kc
1151,2020,3,10,,9,0,NA,NA,bottle,1,oz,kc
1152,2020,3,10,,11,0,NA,NA,bottle,2,oz,kc
1153,2020,3,10,,12,37,NA,NA,water,,,kc
1154,2020,3,10,,14,0,NA,NA,water,,,kc
1155,2020,3,10,,11,45,12,30,nap,,,kc
1156,2020,2,13,,8,45,NA,NA,wet,,,ap
1157,2020,2,13,,9,15,NA,NA,bowel,,,ap
1158,2020,2,13,,10,40,NA,NA,wet,,,ij
1159,2020,2,13,,13,45,NA,NA,wet,,,ij
1160,2020,2,13,,11,20,13,0,nap,,,ij
1161,2020,2,5,,7,45,NA,NA,dry,,,ap
1162,2020,2,5,,8,55,NA,NA,wet,,,melody
1163,2020,2,5,,10,15,NA,NA,bowel,,,kc
1164,2020,2,5,,13,5,NA,NA,dry,,,melody
1165,2020,2,5,,9,30,NA,NA,bottle,3,oz,melody
1166,2020,2,5,,11,0,NA,NA,water,,,melody
1167,2020,2,5,,14,0,NA,NA,bottle,3,oz,melody
1168,2020,2,5,,11,10,12,55,nap,,,melody
1169,2020,2,19,,8,25,NA,NA,wet,,,ap
1170,2020,2,19,,10,15,NA,NA,wet,,,kc
1171,2020,2,19,,12,50,NA,NA,wet,,,ap
1172,2020,2,19,,13,15,NA,NA,bowel,,,ap
1173,2020,2,19,,9,15,NA,NA,bottle,2,oz,ap
1174,2020,2,19,,12,55,NA,NA,bottle,1,oz,ap
1175,2020,2,19,,11,10,12,15,nap,,,ap
1176,2020,2,14,,8,15,NA,NA,wet,,,ap
1177,2020,2,14,,10,5,NA,NA,wet,,,ap
1178,2020,2,14,,11,10,NA,NA,bowel,,,ap
1179,2020,2,14,,12,57,NA,NA,wet,,,ap
1180,2020,2,14,,14,15,NA,NA,wet,,,ap
1181,2020,2,14,,9,45,NA,NA,bottle,2,oz,ap
1182,2020,2,14,,12,45,NA,NA,bottle,2,oz,ap
1183,2020,2,14,,11,15,12,30,nap,,,ap
1184,2020,2,18,,8,5,NA,NA,wet,,,ap
1185,2020,2,18,,10,30,NA,NA,bowel,,,kc
1186,2020,2,18,,13,50,NA,NA,wet,,,kc
1187,2020,2,18,,9,0,NA,NA,bottle,3,oz,kc
1188,2020,2,18,,11,0,NA,NA,bottle,3,oz,kc
1189,2020,2,18,,14,0,NA,NA,water,,,kc
1190,2020,2,18,,11,20,13,20,nap,,,kc
1191,2020,2,11,,8,10,NA,NA,wet,,,ap
1192,2020,2,11,,10,15,NA,NA,wet,,,ap
1193,2020,2,11,,12,5,NA,NA,bowel,,,ap
1194,2020,2,11,,14,0,NA,NA,wet,,,ap
1195,2020,2,11,,9,15,NA,NA,bottle,2,,ap
1196,2020,2,11,,12,42,NA,NA,bottle,2,,ap
1197,2020,2,11,,13,40,NA,NA,bottle,1,,ap
1198,2020,2,11,,11,5,11,59,nap,,,ap
1199,2020,2,4,,7,30,NA,NA,wet,,,kc
1200,2020,2,4,,9,20,NA,NA,wet,,,ap
1201,2020,2,4,,11,45,NA,NA,wet,,,ap
1202,2020,2,4,,14,40,NA,NA,wet,,,ap
1203,2020,2,4,,9,0,NA,NA,bottle,3,oz,ap
1204,2020,2,4,,11,0,NA,NA,bottle,3,oz,ap
1205,2020,2,4,,13,35,NA,NA,bottle,3,oz,ap
1206,2020,2,4,,13,50,14,35,nap,,,ap
1207,2020,9,28,,7,45,NA,NA,bowel,,,kc
1208,2020,9,28,,10,30,NA,NA,wet,,,am
1209,2020,9,28,,13,30,NA,NA,wet,,,am
1210,2020,9,29,,8,0,NA,NA,wet,,,am
1211,2020,9,29,,9,45,NA,NA,bowel,,,am
1212,2020,9,29,,10,30,NA,NA,dry,,,am
1213,2020,9,29,,13,38,NA,NA,wet,,,am
1214,2020,9,29,,11,0,13,30,nap,,,am
1215,2020,9,30,,8,0,NA,NA,bowel,,,ap
1216,2020,9,30,,10,30,NA,NA,wet,,,am
1217,2020,9,30,,13,45,NA,NA,wet,,,am
1218,2020,9,30,,14,30,NA,NA,bowel,,,am
1219,2020,9,30,,11,30,13,40,nap,,,am
1220,2020,10,1,,8,0,NA,NA,bowel,,,am
1221,2020,10,1,,10,30,NA,NA,wet,,,am
1222,2020,10,1,,13,30,NA,NA,wet,,,kc
1223,2020,10,1,,11,30,13,30,nap,,,am
1224,2020,10,2,,8,15,NA,NA,bowel,,,kc
1225,2020,10,2,,10,15,NA,NA,dry,,,ap
1226,2020,10,2,,11,48,NA,NA,wet,,,ap
1227,2020,10,2,,13,40,NA,NA,wet,,,ap
1228,2020,10,2,,15,2,NA,NA,wet,,,ap
1229,2020,10,2,,10,57,11,46,nap,,,ap
1230,2020,1,21,,8,20,NA,NA,wet,,,ap
1231,2020,1,21,,10,15,NA,NA,dry,,,ap
1232,2020,1,21,,12,25,NA,NA,wet,,,kc
1233,2020,1,21,,14,20,NA,NA,wet,,,ap
1234,2020,1,21,,8,25,NA,NA,water,,,ap
1235,2020,1,21,,9,40,NA,NA,water,,,ap
1236,2020,1,21,,10,50,NA,NA,water,,,ap
1237,2020,1,21,,13,0,NA,NA,bottle,1,oz,ap
1238,2020,1,21,,11,5,12,20,nap,,,ap
1239,2020,2,21,,8,30,NA,NA,wet,,,ap
1240,2020,2,21,,10,10,NA,NA,bowel,,,ap
1241,2020,2,21,,12,45,NA,NA,wet,,,ap
1242,2020,2,21,,14,46,NA,NA,wet,,,kc
1243,2020,2,21,,9,20,NA,NA,bottle,2,oz,ap
1244,2020,2,21,,11,5,NA,NA,water,,,ap
1245,2020,2,21,,13,10,NA,NA,bottle,2,oz,ap
1246,2020,2,21,,11,25,12,8,nap,,,ap
1247,2020,2,6,,8,10,NA,NA,wet,,,ap
1248,2020,2,6,,10,5,NA,NA,bowel,,,ap
1249,2020,2,6,,9,25,NA,NA,bottle,3,oz,ap
1250,2020,2,6,,11,0,NA,NA,bottle,3,oz,ap
1251,2020,2,24,,8,20,NA,NA,wet,,,ap
1252,2020,2,24,,10,20,NA,NA,wet,,,kc
1253,2020,2,24,,13,30,NA,NA,wet,,,kc
1254,2020,2,24,,8,0,NA,NA,bottle,3,oz,kc
1255,2020,2,24,,11,0,NA,NA,bottle,3,oz,kc
1256,2020,2,24,,13,30,NA,NA,water,,,kc
1257,2020,2,24,,11,20,13,20,nap,,,kc
1258,2020,1,28,,8,10,NA,NA,wet,,,ap
1259,2020,1,28,,10,5,NA,NA,bowel,,,ap
1260,2020,1,28,,12,40,NA,NA,wet,,,ap
1261,2020,1,28,,14,15,NA,NA,dry,,,ap
1262,2020,1,28,,10,10,NA,NA,bottle,2,oz,ap
1263,2020,1,28,,11,10,NA,NA,bottle,1,oz,ap
1264,2020,1,28,,14,50,NA,NA,water,,,ap
1265,2020,1,28,,11,15,12,20,nap,,,ap
1266,2020,1,30,,8,20,NA,NA,wet,,,kc
1267,2020,1,30,,10,20,NA,NA,wet,,,kc
1268,2020,1,30,,12,32,NA,NA,wet,,,kc
1269,2020,1,30,,14,34,NA,NA,dry,,,kc
1270,2020,1,30,,8,50,NA,NA,bottle,3,oz,kc
1271,2020,1,30,,10,50,NA,NA,water,,,kc
1272,2020,1,30,,12,30,NA,NA,bottle,3,oz,kc
1273,2020,1,30,,14,12,NA,NA,bottle,3,oz,kc
1274,2020,1,30,,11,5,12,29,nap,,,kc
1275,2020,1,23,,7,14,NA,NA,wet,,,kc
1276,2020,1,23,,9,0,NA,NA,wet,,,ac
1277,2020,1,23,,10,30,NA,NA,wet,,,kc
1278,2020,1,23,,13,0,NA,NA,bowel,,,kc
1279,2020,1,23,,11,0,NA,NA,water,,,kc
1280,2020,1,23,,13,30,NA,NA,bottle,3,oz,kc
1281,2020,1,23,,11,10,12,50,nap,,,kc
1282,2020,1,17,,7,33,NA,NA,bowel,,,kc
1283,2020,1,17,,9,10,NA,NA,dry,,,ap
1284,2020,1,17,,10,30,NA,NA,wet,,,kc
1285,2020,1,17,,13,17,NA,NA,wet,,,kc
1286,2020,1,17,,14,5,NA,NA,wet,,,kc
1287,2020,1,17,,13,45,NA,NA,water,,,kc
1288,2020,1,17,,14,21,NA,NA,water,,,kc
1289,2020,1,17,,11,30,13,0,nap,,,kc
1290,2020,1,27,,8,30,NA,NA,wet,,,ap
1291,2020,1,27,,10,10,NA,NA,dry,,,ap
1292,2020,1,27,,12,20,NA,NA,wet,,,ap
1293,2020,1,27,,14,0,NA,NA,wet,,,ap
1294,2020,1,27,,9,40,NA,NA,water,,,ap
1295,2020,1,27,,10,50,NA,NA,water,,,ap
1296,2020,1,27,,14,10,NA,NA,bottle,2,oz,ap
1297,2020,1,27,,11,10,12,15,nap,,,ap
1298,2020,1,31,,8,45,NA,NA,wet,,,ap
1299,2020,1,31,,10,30,NA,NA,wet,,,ap
1300,2020,1,31,,12,50,NA,NA,wet,,,ap
1301,2020,1,31,,14,35,NA,NA,dry,,,ap
1302,2020,1,31,,8,10,NA,NA,water,,,ap
1303,2020,1,31,,11,0,NA,NA,water,,,ap
1304,2020,1,31,,14,15,NA,NA,water,,,ap
1305,2020,1,31,,11,17,12,30,nap,,,ap
1306,2020,2,28,,8,15,NA,NA,wet,,,ij
1307,2020,2,28,,10,20,NA,NA,wet,,,ap
1308,2020,2,28,,12,25,NA,NA,wet,,,ap
1309,2020,2,28,,14,5,NA,NA,wet,,,ap
1310,2020,2,28,,9,20,NA,NA,bottle,2,oz,ap
1311,2020,2,28,,10,50,NA,NA,water,,,ap
1312,2020,2,28,,12,35,NA,NA,bottle,3,oz,ap
1313,2020,2,28,,11,15,12,3,nap,,,ap
1314,2020,1,29,,8,10,NA,NA,wet,,,kc
1315,2020,1,29,,9,10,NA,NA,bowel,,,hannah
1316,2020,1,29,,10,11,NA,NA,wet,,,kc
1317,2020,1,29,,11,50,NA,NA,wet,,,ap
1318,2020,1,29,,13,59,NA,NA,dry,,,kc
1319,2020,1,29,,14,17,NA,NA,wet,,,kc
1320,2020,1,29,,9,50,NA,NA,water,,,kc
1321,2020,1,29,,12,31,NA,NA,bottle,4,oz,kc
1322,2020,1,29,,14,0,NA,NA,bottle,2,oz,kc
1323,2020,1,29,,11,15,11,45,nap,,,ap
1324,2020,2,12,,8,15,NA,NA,wet,,,ap
1325,2020,2,12,,10,15,NA,NA,wet,,,kc
1326,2020,2,12,,13,10,NA,NA,wet,,,kc
1327,2020,2,12,,11,0,NA,NA,bottle,3,oz,kc
1328,2020,2,12,,13,6,NA,NA,bottle,3,oz,kc
1329,2020,2,12,,14,0,NA,NA,water,,,kc
1330,2020,2,12,,11,20,13,0,nap,,,kc
1331,2020,3,4,,8,20,NA,NA,wet,,,ap
1332,2020,3,4,,10,50,NA,NA,wet,,,kc
1333,2020,3,4,,13,8,NA,NA,wet,,,kc
1334,2020,3,4,,15,0,NA,NA,wet,,,kc
1335,2020,3,4,,9,0,NA,NA,bottle,3,oz,kc
1336,2020,3,4,,11,0,NA,NA,bottle,2,oz,kc
1337,2020,3,4,,14,0,NA,NA,water,,,kc
1338,2020,3,4,,11,20,13,6,nap,,,kc
1339,2020,2,17,,8,10,NA,NA,wet,,,ap
1340,2020,2,17,,10,40,NA,NA,wet,,,ij
1341,2020,2,17,,13,50,NA,NA,wet,,,ij
1342,2020,2,17,,14,30,NA,NA,wet,,,kc
1343,2020,2,17,,8,0,NA,NA,bottle,3,oz,ap
1344,2020,2,17,,11,0,NA,NA,bottle,3,oz,ij
1345,2020,2,17,,14,9,NA,NA,water,,,ij
1346,2020,2,17,,11,20,13,20,nap,,,ij
1347,2021,1,25,,8,30,NA,NA,wet,,,ap
1348,2021,1,25,,10,45,NA,NA,wet,,,jd
1349,2021,1,25,,14,0,NA,NA,wet,,,jd
1350,2021,1,25,,14,55,NA,NA,dry,,,mb
1351,2021,1,25,,11,30,13,0,nap,,,mb
1352,2021,1,29,,8,0,NA,NA,wet,,,jd
1353,2021,1,29,,9,35,NA,NA,bowel,,,aym
1354,2021,1,29,,10,29,NA,NA,bowel,,,aym
1355,2021,1,29,,13,5,NA,NA,wet,,,aym
1356,2021,1,29,,11,30,13,0,nap,,,aym